Description,Sequence,Mutation_Substring
TBP_TATATATA,GTACGTACGTATATATACGTACGTA,TACGTATATATACGTA
TBP_TATATATG,GTACGTACGTATATATGCGTACGTA,TACGTATATATGCGTA
TBP_CATATATA,GTACGTACGCATATATACGTACGTA,TACGCATATATACGTA
TBP_TATAAAAG,CGCGCATGCTATAAAAGGCTACATA,ATGCTATAAAAGGCTA
TBP_CTTTTATA,TATGTAGCCTTTTATAGCATGCGCG,TAGCCTTTTATAGCAT
MITF_CACGTG,GTATGTACGCACGTGCGTACATACG,TACGCACGTGCGTA
MITF_CATGTG,GTATGTACGCATGTGCGTACATACG,TACGCATGTGCGTA
MITF_CACATG,GTATGTACGCACATGCGTACATACG,TACGCACATGCGTA
EGR1_CGCCCACGC,ACGTATGCACGCCCACGCGTATGTA,TGCACGCCCACGCGTAT
EGR1_GCGTGGGCG,ACATACGCGTGGGCGTGCATACGTA,ATACGCGTGGGCGTGCA
EGR1_CGCACACGC,ACGTATGCACGCACACGCGTATGTA,TGCACGCACACGCGTAT
EGR1_GCGTGTGCG,ACATACGCGTGTGCGTGCATACGTA,ATACGCGTGTGCGTGCA
EGR1_CGCGCACGC,ACGTATGCACGCGCACGCGTATGTA,TGCACGCGCACGCGTAT
EGR1_GCGTGCGCG,ACATACGCGTGCGCGTGCATACGTA,ATACGCGTGCGCGTGCA
CREB1_CrystalTGACGTCA,GCATACGGCTGACGTCAGCCACATA,CGGCTGACGTCAGCCA
CREB1_TGACGTCA,GCATACATATGACGTCATATGTATG,CATATGACGTCATATG
RELA_Double,GCGGAAATTCCCGGGAATTTCCGCG,CGGAAATTCCCGGGAATTTCCG
RELA_Single,GCGGAAATTCCCATACACATACGCA,CGGAAATTCCCA