Description,Sequence
Zif268_consensus,TATATAGCGTGGGCGTATATATCCG
Zif268_F1_ACG,TATATAGCGTGGACGTATATATCCG
Zif268_F1_CCG,TATATAGCGTGGCCGTATATATCCG
Zif268_F1_GAG,TATATAGCGTGGGAGTATATATCCG
Zif268_F1_GCA,TATATAGCGTGGGCATATATATCCG
Zif268_F1_GCC,TATATAGCGTGGGCCTATATATCCG
Zif268_F1_GCT,TATATAGCGTGGGCTTATATATCCG
Zif268_F1_GGG,TATATAGCGTGGGGGTATATATCCG
Zif268_F1_GTG,TATATAGCGTGGGTGTATATATCCG
Zif268_F1_TCG,TATATAGCGTGGTCGTATATATCCG
Zif268_F2_AGG,TATATAGCGAGGGCGTATATATCCG
Zif268_F2_CGG,TATATAGCGCGGGCGTATATATCCG
Zif268_F2_GGG,TATATAGCGGGGGCGTATATATCCG
Zif268_F2_TAG,TATATAGCGTAGGCGTATATATCCG
Zif268_F2_TCG,TATATAGCGTCGGCGTATATATCCG
Zif268_F2_TGA,TATATAGCGTGAGCGTATATATCCG
Zif268_F2_TGC,TATATAGCGTGCGCGTATATATCCG
Zif268_F2_TGT,TATATAGCGTGTGCGTATATATCCG
Zif268_F2_TTG,TATATAGCGTTGGCGTATATATCCG
Zif268_F3_ACG,TATATAACGTGGGCGTATATATCCG
Zif268_F3_CCG,TATATACCGTGGGCGTATATATCCG
Zif268_F3_GAG,TATATAGAGTGGGCGTATATATCCG
Zif268_F3_GCA,TATATAGCATGGGCGTATATATCCG
Zif268_F3_GCC,TATATAGCCTGGGCGTATATATCCG
Zif268_F3_GCT,TATATAGCTTGGGCGTATATATCCG
Zif268_F3_GGG,TATATAGGGTGGGCGTATATATCCG
Zif268_F3_GTG,TATATAGTGTGGGCGTATATATCCG
Zif268_F3_TCG,TATATATCGTGGGCGTATATATCCG
TBP_EMSA_S1,AGGGCTGGGCATAAAAGTCAGGGCA
TBP_EMSA_S2,AGGGCTGGGCGTAAAAGTCAGGGCA
TBP_EMSA_S3,AGGGCTGGGCAAAAAAGTCAGGGCA
TBP_EMSA_S4,AGGGCTGGGCACAAAAGTCAGGGCA
TBP_EMSA_S5,AGGGCTGGGCATGAAAGTCAGGGCA
TBP_EMSA_S6,AGGGCTGGGCATAATAGTCAGGGCA
TBP_EMSA_S7,AGGGCTGGGCATACAAGTCAGGGCA