Kmer,Count
AAGATC,16960
GAAGAT,21612
GGAAGA,30385
AGGAAG,38061
GAGGAA,29769
GGAGGA,27808
TGGAGG,27727
TTGGAG,22052
TTTGGA,32006
CTTTGG,30553
TCTTTG,34506
TTCTTT,79309
TTTCTT,85011
ATTTCT,57042
AATTTC,37571
CAATTT,34510
ACAATT,28041
TACAAT,24091
CTACAA,19777
ACTACA,20213
AACTAC,13876
AAACTA,30817
AAAACT,44165
GAAAAC,32208
AGAAAA,86927
GAAGAA,40329
AGAAGA,40873
CAGAAG,31911
CCAGAA,29333
GCCAGA,17377
AGCCAG,28437
AAGCCA,26582
TAAGCC,12235
CTAAGC,10085
TCTAAG,16751
CTCTAA,18367
CCTCTA,13848
ACCTCT,21499
TACCTC,12303
CTACCT,14210
TCTACC,13326
ATCTAC,13285
GATCTA,9987
TGATCT,23224
ATGATC,16231
GATGAT,17944
AGATGA,28839
AAGATG,28079
CAAGAT,22372
CCAAGA,24139
ACCAAG,16788
GACCAA,13311
GGACCA,11188
TGGACC,9600
TTGGAC,11401
ATTGGA,18181
GATTGG,11120
TGATTG,18826
CTGATT,22448
TCTGAT,23298
GTCTGA,14449
AGTCTG,18274
CAGTCT,21233
TCAGTC,15152
TTCAGT,28222
TTTCAG,37282
ATTTCA,46770
CATTTC,35659
GCATTT,31864
GGCATT,17480
AGGCAT,24568
AAGGCA,27049
CAAGGC,16917
TCAAGG,18292
CTCAAG,21790
CCTCAA,21344
GCCTCA,27709
AGCCTC,30888
TAGCCT,13025
CTAGCC,8724
TCTAGC,10658
ATCTAG,13389
AATCTA,21554
AAATCT,36640
GAAATC,21461
AAGACT,23083
AAAGAC,28302
ACAAAG,31895
CACAAA,33927
CCACAA,20961
GCCACA,20161
TGCCAC,22149
CTGCCA,24840
GCTGCC,17723
AGCTGC,18853
CAGCTG,13527
CCAGCT,33294
ACCAGC,20420
CACCAG,20368
TCACCA,26404
TTCACC,21815
ATTCAC,20594
AATTCA,35527
AAATTC,35843
TAGAAA,43508
CTAGAA,23015
ACTAGA,14634
AACTAG,13760
CAAACT,25994
GCAAAC,15400
GGCAAA,21869
AGGCAA,23142
AAAGGC,20764
AAAAGG,35385
GAAAAG,39603
TGAAAA,57345
GCTGAA,20937
AGCTGA,24356
TAGCTG,24170
CTAGCT,11311
CCTAGC,8909
CCCTAG,9568
TCCCTA,13861
ATCCCT,16984
AATCCC,25426
TAATCC,25314
CTAATC,10878
GCTAAT,19461
AGCTAA,19253
AAGCTA,16314
AAAGCT,26120
AAAAGC,30903
AAAAAG,66491
TAAAAA,93794
CTAAAA,42224
CCTAAA,20234
CCCTAA,13041
CCCCTA,8684
ACCCCT,13489
GACCCC,10704
GGACCC,10399
GGGACC,11091
TGGGAC,17574
TTGGGA,31395
ATTGGG,12197
CATTGG,14045
GCATTG,13238
TAGGCA,14749
CTAGGC,9907
CCTAGG,6540
CTCCCT,28392
TCTCCC,25651
ATCTCC,19471
AATCTC,23931
CCTAGA,14008
ACCTAG,11092
GACCTA,8274
GGACCT,10251
AGGACC,11353
GAGGAC,13277
AGAGGA,28663
CAGAGG,29179
ACAGAG,37432
AACAGA,36482
GAACAG,20377
GGAACA,19613
AGGAAC,17493
AAGGAA,47012
CAAGGA,22327
GCAAGG,14628
AGCAAG,23588
CAGCAA,26028
TCAGCA,24752
GTCAGC,11214
GGTCAG,19619
AGGTCA,23549
GAGGTC,17166
GGAGGT,22396
AATTGG,17345
AAAATT,82305
CAAAAT,50738
ACAAAA,67908
GACAAA,26311
AGACAA,27166
TAGACA,17546
ATAGAC,12859
GATAGA,16542
GGATAG,9131
AGGATA,17175
AAGGAT,21399
AAAGGA,40605
CAAAAG,33969
GCAAAA,31665
AGCAAA,36243
CTCAGC,34529
TCTCAG,31884
CTCTCA,23648
CCTCTC,24047
AGACCT,15553
CAGACC,13637
GCAGAC,12443
AGCAGA,27538
AAGCAG,26944
TAAGCA,18741
TTAAGC,13925
GTTAAG,12890
AGTTAA,23167
AAGTTA,23670
GAAGTT,21145
GGAAGT,19197
TAAAAG,38411
ACTAAA,31636
GACTAA,11790
TGACTA,13452
CTGACT,18833
CCTGAC,20508
ACCTGA,19295
TACCTG,15705
GCTACC,7257
AGCTAC,18875
GAGCTA,11407
GGAGCT,18304
TGGAGC,16610
ATGGAG,24845
AATGGA,35080
AAATGG,34858
AAAATG,65600
TAAAAT,76090
ATAAAA,80014
CATAAA,35043
GCATAA,14373
AGCATA,16336
TAGCAT,16761
TTAGCA,18405
CTTAGC,11139
AGCTTA,13647
AAGCTT,10088
GAAGCT,19347
AGAAGC,22679
AAGAAG,36790
TAAGAA,34304
CTAAGA,17250
ACTAAG,12998
AACTAA,23749
CAACTA,12550
GCAACT,11677
AGCAAC,14759
GAGCAA,19595
TGAGCA,21895
GTGAGC,25259
GGTGAG,18518
AGGTGA,23776
AAGGTG,19765
GAAGGT,15835
AGAAGG,28516
GCAGAA,27523
TGCAGA,27848
CTGCAG,16373
GCTGCA,22550
TTTAGC,16663
CTTTAG,17752
TCTTTA,36827
ATTCTT,38835
GATTCT,23429
TGATTC,20913
TTCTGA,33752
TTTCTG,49163
ATTTTC,53575
AGCATT,25932
CAGCAT,24072
ACAGCA,27285
CACAGC,24926
TCACAG,27566
TTCACA,31086
CTTCAC,19412
CCTTCA,22410
TCCTTC,29701
TTTCCT,50826
TTTTCC,45336
TTTTTC,67992
GTTTTT,51112
TGTTTT,69342
TTGTTT,61066
TTTGTT,62293
TCATTT,51696
TTCATT,47007
TTTCAT,48816
GCAATT,18506
TGCAAT,23152
ATGCAA,25074
AATGCA,29881
ACAATG,23808
AACAAT,30208
GAAACA,32801
AGAAAC,32905
GTAGAA,19441
CGGTAG,1595
CCGGTA,1245
GCCGGT,2121
GGCCGG,6941
GGGCCG,4603
AGGGCC,14629
AAGGGC,13919
AAAGGG,23602
TAAAGG,20616
ATAAAG,34918
GATAAA,28773
TGATAA,24615
TTGATA,21727
CTTGAT,17966
GCTTGA,17271
GGCTTG,13500
GGGCTT,14563
AGGGCT,18147
CAGGGC,21050
CCAGGG,24125
GCCAGG,32436
GGCCAG,26088
TGGCCA,15359
GTGGCC,14705
GGTGGC,23493
TGGTGG,33621
ATGGTG,28889
CATGGT,25354
TCATGG,20885
ATCATG,23058
TATCAT,23469
CTATCA,15301
ACTATC,10598
GACTAT,10748
ATGACT,19543
CATGAC,13997
TCATGA,12588
TTCATG,27920
ATTCAT,33616
GAATTC,9604
GGAATT,23105
TGGAAT,33829
TTGGAA,30931
CAATTG,6783
CAACAA,26992
ACAACA,26098
GACAAC,10011
CATAGA,17349
GCATAG,10204
TGCATA,20453
CTGCAT,22469
CCTGCA,23462
GCCTGC,17781
GGCCTG,20178
AGGCCT,9636
TAGGCC,7894
GTAGGC,6899
GGTAGG,9692
TGGTAG,14100
CTGGTA,12716
TCTGGT,18065
ATCTGG,17631
AATCTG,22918
TTAGAA,32836
GTTAGA,12228
TGTTAG,17186
ATGTTA,26494
GATGTT,19247
AGATGT,22724
GAGATG,26902
AGAGAT,29959
CAGAGA,35093
TCAGAG,25178
CTCAGA,25607
GCTCAG,19717
AGCTCA,22348
ATGGTA,17924
AATGGT,21029
TAGCTA,6783
ATAGCT,16018
GATAGC,7437
AGATAG,17456
CAGATA,20408
GCAGAT,18500
GAGCAG,21199
ATTTGC,24310
CATTTG,32246
ACATTT,53607
TACATT,32667
ATACAT,34334
GATACA,16199
GGATAC,8032
TGGATA,18839
TTGGAT,19346
ATTTGG,28537
CTTTCA,30631
CCTTTC,25717
AGCCTT,19335
CAGCCT,51572
ACAGCC,18581
CCACAG,27156
TCCACA,23689
CTCCAC,21915
TCTCCA,30017
TTCTCC,36273
ATTCTC,30971
CATTCT,33632
ACATTC,22636
AACATT,38127
CAACAT,28091
TCAACA,24087
TTCAAC,19864
TTTCAA,44949
TGATTT,42790
GTGATT,21093
AGTGAT,23569
AAGTGA,30271
GAAGTG,19561
TGAAGT,23934
TTGAAG,24753
ATTGAA,29232
CATTGA,19223
ACATTG,20713
CACATT,29588
ACACAT,32712
AACACA,33799
AAACAC,30242
GAGAAA,47889
AGAGAA,47121
AAGAGA,40153
GAAGAG,26833
GAAAGA,42238
AGAAAG,48697
CCCAGA,25690
TCCCAG,43899
CTCCCA,41375
GCTCCC,14722
AAGCTC,16420
GTAAGC,8167
TGTAAG,18778
GTGTAA,14451
TGTGTA,25993
GTGTGT,50302
AGTGTG,21517
GAGTGT,14986
TGAGTG,21439
TTGAGT,20172
ACTTGA,22448
AACTTG,19462
GAACTT,19270
AGAACT,25425
CAGAAC,20142
TCCAGA,25582
ATCCAG,19804
CATCCA,21552
GCATCC,11551
AGCATC,15788
AAGCAT,23499
AAAGCA,38386
CAAAGC,20361
TCAAAG,26915
ATCAAA,32262
AATCAA,31514
GCAATC,12311
AGCAAT,24669
TAGCAA,18738
ATAGCA,20038
CTGATA,16949
GGCTTC,16912
CGGCTT,3252
ACGGCT,2961
AACGGC,2096
TAACGG,1657
TTAACG,2528
TTTAAC,24247
ATTTAA,53680
TATTTA,57710
CTATTT,35274
GCTATT,17058
AGTAGC,18187
AAGTAG,19791
TAAGTA,19435
ATAAGT,19774
AATAAG,28606
AAATAA,92468
AAAATA,106376
AAAAAT,114857
TTAAAA,88501
ATTAAA,55062
AATTAA,49287
TAATTA,18043
ATTAAT,18810
AAATTA,67402
GTAAAA,32142
GGTAAA,17630
GGGTAA,11045
TGGGTA,15870
CTGGGT,28548
GCTGGG,42988
AAGCTG,23440
GAAAGC,19374
TATGAA,29047
TTATGA,24467
ATTATG,24700
AATTAT,47119
CAATTA,22444
GAACAA,22817
AGAACA,32261
AAGAAC,23770
CAAGAA,30464
GCAAGA,20276
GGCAAG,15433
TGGCAA,20946
CTGGCA,21323
ACCTGG,22678
CACCTG,30968
CCACCT,27563
CCCACC,27403
TCCCAC,22232
ATCCCA,30214
CATCCC,16241
CCATCC,19600
GCCATC,13429
GGCCAT,14183
AGGCCA,24329
TCAGGC,17318
ATCAGG,15645
GTATCA,12386
TTGTAT,35024
TTTGTA,43269
ATTTGT,39301
AATTTG,35423
GTTAAT,18914
ACAAGT,17359
GACAAG,15042
TGACAA,22543
ATGACA,24187
TATGAC,12298
CTATGA,16096
GCTATG,11656
ATTCTA,27725
AATTCT,37767
TAATTC,23916
CTAATT,29807
TCTAAT,22745
CTTCTA,21332
CCTCTT,25653
AAGTTT,35031
AAAGTT,34872
TAAAGT,27135
TTAAAG,33053
TTTAAA,43999
CTCAAT,18106
AACTCA,24062
TAACTC,13598
ATAACT,20844
GATAAC,9822
ACTGAT,18119
TACTGA,18104
GTACTG,9367
AGTACT,6194
AAGTAC,13156
AAAGTA,33503
GAAAGT,24004
ACATGA,24540
GACATG,17142
AGACAT,25161
AAGACA,34457
CAAGAC,19032
TCAAGA,25819
TTCAAG,31988
GAACAT,21100
TGAACA,25624
ATGAAC,18866
GCATGA,18692
AGCATG,20568
CAAGCA,21467
GCAAGC,11633
ATCAGC,14775
CAAATC,21267
CAGACA,25708
ACAGAC,19523
AAACAG,35724
CAAACA,33845
ACAAAC,26696
CTCAAC,13670
TCTCAA,34439
CTCCTC,24992
TCTCCT,38145
CTGAAC,15057
TCTGAA,31233
ATTCTG,30987
TATAAA,53917
ATATAA,44782
GATATA,18717
AGATAT,26814
AAGATA,28709
TGAAGA,32121
AAAGAT,36418
AAAAGA,69054
ATGAAG,27116
TAATGA,25820
TTAATG,26722
TATTAA,38756
TTATTA,43983
TCTTAT,25818
ATCTTA,21118
GTATCT,15776
AGTATC,11532
CAGTAT,17159
CTCAGT,21422
ATCTCA,31914
AAAATC,40979
TTATAA,21656
GTTATA,15834
AGAGTT,22708
AAGAGT,21712
CAAGAG,22571
ACAAGA,24205
AATGAC,20504
CCAAAA,36516
ACCAAA,27410
TGACCA,17020
GTGACC,11214
AGTGAC,15486
TAAGTG,18023
TATAAG,19402
AATATA,50744
AAATAT,76192
ATATGA,26120
CATATG,10816
CCATAT,18596
TCCATA,17663
TTCCAT,37335
TTTCCA,42483
ATTTCC,31543
TATTTC,43458
GATATT,25593
CGATAT,2019
ACGATA,2215
TACGAT,2167
ATACGA,2537
TATACG,2520
TTATAC,17853
ATTATA,39077
GATTAT,20528
TGGATT,23658
CCTGGA,25516
ACCCTG,20797
AACCCT,16529
AAACCC,23909
GAAACC,22575
GGAAAC,21309
TATTGG,15584
ATATTG,25468
ATATAT,39694
CAAATA,38789
ACACAA,28323
TTTACA,35758
CTTAAT,22027
TCTTAA,28462
GATAAT,20734
AGATAA,29625
GATAAG,12508
TAGATA,21407
TTAGAT,19678
TATTAG,19993
GTTATT,24323
GATCAA,13640
TGATCA,8761
ATTGAT,23214
TATTGA,24437
ACAGAT,24570
CACAGA,32408
ATCACA,27188
TAATCA,21805
CAATGA,22644
GCAATG,17458
GGCAAT,13379
GAAGGC,16855
GGAAGG,28690
TGGAAG,29084
ATATTA,39818
AATATT,30501
GAGAAC,18384
TAGAGA,30411
ATAGAG,17424
AATAGA,30678
GAATAG,16595
GGAATA,19913
AGGAAT,27828
GATTAA,18858
AGATTA,21951
CAATCC,12282
TCAATC,13216
AATAAT,54461
ACATTA,25445
GCAACA,19516
TGCAAC,16845
TTGCAA,11606
TTTGCA,33286
GTGAAA,33390
AGTGAA,28671
AAAGTG,36016
AAAAGT,43132
TTATGG,17670
CTCATT,28661
ACTCAT,19512
GAACTC,18241
TAGAAC,14232
TCTAGA,9838
CTCTAG,14012
ACTCTA,14629
AAACTC,25620
TAAACT,25840
ATAAAC,27461
AATAAA,87662
GTAAAG,16501
AGTAAA,31699
CAGTAA,20619
GCAGTA,11667
TGCAGT,35255
GATGCA,14957
TGATGC,14183
ATGATG,23291
AATGAT,30214
GAATGA,26226
ATAGAA,31505
GACTTG,14103
TGACTT,25715
AGTTCA,23865
AGAAGT,26702
GAAGCA,23193
TGAAGC,18297
AGTTGA,17925
TTTTTT,229059
GTGAGT,16769
CGGTGA,4262
ACGGTG,5653
AACGGT,2331
AAACGG,3945
CAAACG,3664
CATACA,22169
TCATAC,12209
CACAAC,14103
GAACAC,15458
AATATG,31248
GTAAAT,26185
ACAGTA,18323
TACAGT,19644
ATACAG,20697
TATACA,30016
CTGAAT,25896
AATACT,25358
CAATAC,12220
ATTCAA,33175
TATTCA,31211
ATATTC,27109
TATATA,35511
TATTAT,44192
ACATAT,34841
TACATA,29722
TTACAT,31563
ATTACA,37920
TATTAC,17933
TTATCC,15652
TTTTTG,70674
TTACTT,29828
CTTACT,16308
CCTTAC,9506
CCCTTA,11135
CCCCTT,17132
CACCCC,17686
ACACCC,14662
CACACC,24132
GCACAC,17127
CGCACA,3931
ACGCAC,3285
AACGCA,3085
AAACGC,3339
CCAAAC,18067
AGTATA,18625
AAGTAT,23870
CAAGTA,17568
GCAAGT,12997
ATATCA,24873
CATATC,14275
ACCATA,15971
CAGAGT,25738
GTCAGA,15911
GTTAGT,10050
GGTTAG,8244
AGGTTA,13829
AAGGTT,17442
CTGGAA,31359
GCTGGA,28877
TGCTGG,32127
TATTGC,15230
TTATTG,29020
AAATTT,33831
CAGTTT,31483
CCAGTT,18771
TCCAGT,20149
GTATAT,25904
CATGTA,21628
CCATGT,27196
GCCATG,18883
TGCCAT,23252
GTTGCC,13549
CATGTT,30226
ACATGT,13409
CCTAAC,9403
ACCTAA,15153
ATGACC,12496
GATGAC,12228
GGCAGA,28034
AGGCAG,40637
TTTGAA,45500
GTTTGA,20830
GTTGTT,21867
AGTTGT,17446
ATAGTT,21484
TATAGT,18594
TTATAG,22283
ATTTAT,63002
ACAATA,26349
GGGTAG,8815
TTGGGT,17915
TTTGGG,34826
AATTTA,50118
TTACAA,28284
GTATTA,17966
GGTATT,15671
AGGTAT,16005
TAGGTA,13614
TGTAGA,20345
ATGTAG,16344
CCATTG,17939
ACACCA,22289
TACACC,9681
GTTTAC,13163
ACAGTT,22416
AACAGT,21490
TAACAG,18165
ATAACA,26905
GTGTAT,20144
TAAATG,38520
TCAAAT,35577
CTCAAA,38142
TACTCA,18591
TTACTC,14907
TCAAAA,51417
ATAGAT,23463
AGAATA,33690
AACAGC,18649
CGAGAA,3614
ACGAGA,3599
CACGAG,5317
ACACGA,3394
CACACG,6837
CCACAC,22482
ACCACA,26637
TACCAC,12235
ATACCA,17434
TATACC,11794
TGAGAA,38973
ATCTGA,22670
GGGAAA,30752
AGGGAA,30087
AAGGGA,25457
GGAAAG,29205
CTTAGG,12254
TGTGAG,27053
GTGTGA,21821
TAGTGT,13688
GTAGTG,9964
TATATG,29500
TAAAGC,17646
GTTTTA,34586
GGTTTT,30168
AGGTTT,24815
TAGGTT,14550
ATAGGT,12921
AATAGG,16142
ACATAA,30009
GACATA,15383
GTAAGT,14130
GATGTA,13215
TGATGT,22945
CTGATG,20431
ACTCCT,22923
AACTCC,21974
CAACTC,13984
TACAAC,12831
AATACA,41815
ACCAAT,15458
CACCAA,19523
GCACCA,16421
TGCACC,16087
CTGCAC,25536
TCCTGC,27638
TTCCTG,34021
CCCTTC,20133
TCCCCT,21340
CTCCCC,22635
ACTCCC,14415
TAAATC,22072
GTTTCA,29691
ATGCAT,12016
TAATGC,15028
GAATAC,13774
CAAAGT,32540
TCACAA,25112
TGAATC,17568
TTGACT,18890
ATTGAC,13016
CCACAT,23359
ATGCCA,21771
CATGCC,23212
ACATGC,18514
AATTAC,23635
ACAGAA,41595
GACAGA,29253
AGACAG,32924
GACAAT,15427
AAGCAA,34898
AACATA,31653
GTAACA,15894
TGTAAC,15270
CTGTGT,31669
CCTGTG,25754
GCCTGT,27565
TGCCTG,34054
GTGCCT,18329
TGTGCC,20418
CTGTGC,21102
ACTGTG,24405
CACTGT,25877
GCACTG,16305
AGCACT,24581
CAGCAC,26655
GATACC,7644
TAATAG,19107
CATTCA,28975
CCATTC,26160
CCCATT,20367
TCCCAT,22657
AGTCCC,16292
GAGTCC,11822
TGAGTC,15621
ATAATG,27133
CTGATC,12009
TGACAT,22888
TTGACA,19810
CTATTG,14892
GCCTAT,10237
ACTGCC,14866
AATTGA,26692
CTAAAT,25553
TAGACC,7873
CATGGA,23191
CAGTTG,15444
CACCAC,29955
AACACC,15073
TAACAC,15357
CATAAC,12089
ATCATA,21054
AACCAA,24619
AAACCA,33269
GATGAA,24440
GGATGA,16995
GTGGAT,17207
GAACTG,17904
GGAACT,15780
CCAGGA,32456
ATAAGC,14062
TGCTAG,11494
GTGCTA,10751
AAGTGC,21234
CAAGTG,20966
AACAAG,23580
TAACAA,27073
CTGTAA,33428
GACTGT,14117
CACCCA,26890
CCTAAT,15357
GCCTAA,9668
GAGGCC,23873
CTGAGG,36181
CCTGAG,29484
TCCTGA,32782
CTCCTG,46060
GCTCCT,17952
TGCTCC,16896
CCTGCT,23966
AGAGGC,20694
GTGAGA,24837
GAGAAG,28737
ATGAGA,30892
CATGAG,24318
AAGGCC,14763
GGCAGG,33605
AACCAG,18556
CAACCA,16017
ACAACC,12447
CCCACA,23471
ACCCAC,16786
GACCCA,13413
AGACCC,14665
AAGACC,17195
TAAGAC,13843
CTTAAG,7620
TGGTCT,25176
ATGGTC,12449
GATGGT,17493
AGATGG,28532
CTCTCT,39909
TCTCTC,37422
ACTCTC,15700
GACTCT,15811
GGGTGG,23387
AGGGTG,18219
TAGGGT,10329
ATAGGG,9550
TATAGG,12158
GTATAG,9314
GGGTAT,9912
AGGGTA,11210
CTCCAG,34705
CCCTCC,26280
TCCCTC,24467
CCTCCC,47721
CATTCC,24738
GCATTC,15568
GATATC,5204
AGTTTC,26952
GGATTT,22785
CCTCCT,34029
TGTCCT,23608
CTGTCC,18017
CCTGTC,19911
CCCTGT,21391
GAACCC,14251
TGAACC,18505
CACTGA,23153
TCACTG,33075
CTCACT,33488
ACTACC,8445
GTTCAA,23707
CATGTG,28073
ATCCAT,22062
ACATCC,14743
ACAGGA,24089
TACAGG,27860
CTACAG,19421
CCTACA,13254
CCCTAC,8520
GGGCCA,15498
CGGGCC,3696
GCGGGC,5474
GGCGGG,9856
GGGCGG,7036
TGGGCG,7529
CTGGGC,32171
CCTGGG,42378
TCCCTG,26896
CCATGC,18487
GCTTCC,19257
AGAGCT,21463
CAGAGC,25254
GCAGAG,28312
GGGAAG,26779
GGGGAA,22214
CATAGG,12107
CAATTC,20064
AGAGCA,25377
TAGAGC,10072
ACTTAG,14192
ACACTT,22404
GACACT,14467
GGACAC,14683
AAGGAC,16750
TAGATG,16867
TATAGA,20682
ATATAG,19909
GGATAT,15287
CAAAGG,24555
GCAAAG,22599
GACATT,22019
GGACAT,16204
CCTGGT,17931
AACACT,23481
TCAGGG,19566
ACTCAG,23260
GGCTCA,30282
TGGCTC,27088
GTGGCT,26301
AGTGGC,21545
GAGTGG,17538
GGAGTG,24106
TGGAGT,29163
GTTGGA,13847
TGTTGG,24171
GGTTTG,17490
TGGGTT,21571
CTCTTT,38596
CCCTCT,21871
CCCCTC,18700
CCCCCT,13266
ACCCCC,12039
CAGGAC,16160
TTGGCT,24585
GTTGGC,13254
AGTTGG,14561
CGAGTT,2699
TCGAGT,2754
TTCGAG,5021
CTTCGA,2339
GCTTCG,2175
GCTGGC,15931
CTGCTG,29899
ACCTGC,17491
GACCTG,13155
CCAGGC,39002
GTCCAG,14256
AGTCCA,16853
AAGTCC,14802
GAAGTC,15611
CAGCCA,27799
CCAGCC,38166
CCCTCA,19572
ACCCTC,14201
GCCCAC,15228
TGCCCA,28238
CTGCCC,24192
GACTGC,10778
CCCAAG,20892
CCCCAA,19840
TCCCCA,27719
GTCCCC,12892
CAGTCC,13271
GTCAGT,13253
ACAGGT,20385
GTCTCA,27517
GGTCTC,19159
TGTCAG,19532
GTGTCA,15070
ATAGTG,15813
GAGATA,19147
TACACT,15330
CTACAC,10470
TCAGTT,24607
GACACC,11006
TGGACA,20421
GTGGAC,10089
AGTGGA,21282
AAGGAG,26701
CCAAGG,20730
ACATAC,19498
CCATAC,9174
TGTGTG,59245
TGTGAC,16791
AGACTT,21939
CAACAG,22260
AGTCTC,21607
TAGTCT,13841
CTAGTC,7600
GTAGAG,19157
TTCCCA,31020
ATTCCC,16917
AGGTGT,19708
TAGGTG,12714
GGGCTA,7749
TAGGGC,7804
AGTAGG,11966
GAAGTA,16139
CCAGAC,15409
TAGCCA,19347
GTAGCC,7770
TGTAGC,12199
TGACTG,18654
AAAGCC,20392
TCACAT,27619
GTGGTC,11079
CATACC,9810
TGACAG,22702
CTTGAC,12086
ATGATT,29279
TACTAG,9575
GTACTA,8089
GGTACT,8050
AGGTAC,9555
TACTCT,16762
CTACTC,15864
AACCTC,21288
AGCCTG,36155
TTAGCC,16770
GATCCA,14370
AGATCC,11913
ATGTTT,43568
CATGCA,22428
AATGGC,19638
CCCATG,18032
GCCCAT,12437
AGCCCA,21145
CCAAGC,14184
TCCAAG,19696
GATTCC,13315
AGATTC,18817
TGTTAA,27104
GGGAAC,12912
TATGGG,11498
CCTCAT,20820
GGTAAT,13550
ATACTC,11692
CTTCAG,25481
GATCTG,15189
AGATCT,9349
GAGATC,17077
GACTGG,15217
TTTGAC,18835
CCTATC,8802
TTACCT,18699
TGTTTA,34612
AGGTTG,20930
CAGGTT,20021
TTCAGG,23324
ACCTCA,24697
CACCTC,23174
ATCACC,17220
TATCAC,15030
GGTTAT,11704
CTCTTA,18023
GGGATA,10654
CTAAAC,13343
TCTAAA,30339
TCATCA,24790
CACATC,18620
ACTAAT,18771
TACTAA,22492
ATACTA,16943
AAATAC,42399
ACCCCA,21405
AACCCC,16746
CAACCC,11987
CGCTTA,1616
CCGCTT,2702
ACCGCT,2218
AACCGC,1893
AAACCG,3260
CGGTAA,1813
TCGGTA,1504
CTCGGT,3023
ACTCGG,5155
ACTGGC,13990
TACTGG,13295
CTACTG,14244
ACTACT,12972
CCACTA,12035
ACCACT,18828
AACCAC,17312
TAAACC,15020
TTAAAC,24909
CCTTAT,15549
ACCCTT,13501
CTTAAA,32836
ACTTAA,23883
GAGTAC,7262
AAGCCT,18642
GGACTA,11741
CGGACT,1979
TCGGAC,1353
ATCGGA,1643
TATCGG,1214
TTATCG,1945
AAGATT,27772
CCTTAA,16723
TAGTTA,16063
AACTTA,22123
CAACTT,19631
GTCCAT,14195
TTGTCC,15138
GTTTTG,32125
GACTTT,22420
GGGGGA,15344
GTACAT,14991
AGTACA,15913
TAACCA,15961
TTAACC,12746
GTTAAC,4747
GCATAT,17098
GCAGCA,22491
TGTGCA,25480
ATGTGC,18946
GACTAC,9993
AGGACT,16512
CGATGT,2422
TCGATG,2195
ATCGAT,1165
TATCGA,1711
GTGATG,19852
ACCAGT,13634
TTACCA,17537
GTTACC,7874
GGTTAC,7716
CATAGT,15414
TACCGC,1248
ACCTAC,9986
GGAGTA,10537
TGAGGA,25611
AACAGG,19905
CTATGT,18765
TAGGAG,15296
ATAGGA,16501
GCACCC,12975
ATGCAC,16144
GAAGAC,17523
GTACAA,13244
AGTCAC,16020
GAGTCA,15465
CAAGGT,17424
CCTCAC,19244
GGGCCT,15266
TGGGCC,15129
TTGGGC,12205
ATGGTT,20586
CGATCC,1876
CCGATC,1304
CCCGAT,1774
TCCCGA,5552
GTCCCG,2779
GTTACT,13389
CTAGTG,9609
ACTAGT,4651
ATGCTC,14292
GTAGAC,7750
CGGAAA,3332
ACGGAA,3698
AACGGA,3152
TGGTAC,9789
TTGGTA,15985
GTTGGT,13782
CATTAG,15656
AGACTC,18919
TATGAG,16493
GTCTAA,11182
GCAACC,13415
GTACAC,8826
TGTACA,10079
GTACAG,12367
ATCCTA,14451
CATCCT,22650
TACAGC,13432
CCAACC,12922
ATAGTA,18551
AATAGT,21990
GCCTTA,10238
ACAAGC,13606
TCACTA,16606
CCAGAG,24341
GACTTA,12398
AGAGAC,26090
AGCACA,22953
CAACGC,1912
CCAACG,2669
CTAGAC,8560
CAGTGG,31348
CCAGTG,20565
CCACGA,3719
TCCACG,4689
AGATTG,18767
AGTGCA,23375
GTAAGA,15758
GGTAAG,10040
ATGGGT,14495
AGTATG,14149
CTATAG,5855
GTCCTA,8841
GTTGGG,13440
TTAGTG,15424
AGTTAG,13095
CATCTG,24856
GCATCT,16609
AAGGTA,16847
TAATGG,17157
TTGCAG,28364
ACAAGG,18157
AGTAAT,22155
CAGTGT,23717
GCAGTG,34850
AGTCTA,12968
GCCAAT,12258
GGTACA,11329
ACAATC,14933
CGCAAA,2576
ACGCAA,2506
GAACGC,2123
TGAACG,2982
GCTCTT,18505
GTTGAC,8719
TGCCCT,20374
TTGCCC,17702
CGACCT,2540
TCGACC,1417
CTCGAC,1867
TCTCGA,5846
GACCAG,18410
CAGCCC,22047
TCAGCC,29145
ATCCTC,17621
GTAACT,13108
GTGCAA,15039
GCTGTC,13379
AGTAGA,23846
GTGGAA,22832
GGTGGA,22383
GGTTCT,14957
AGGTTC,13727
TGCCTC,30824
CGCATG,3225
CCGCAT,2672
GCCGCA,3047
AGCCGC,3480
CATCAA,20603
CCATCA,22259
TCCATC,22503
GGTTGA,11981
AAAGGT,21302
CGGGAT,2519
ACGGGA,3366
CACGGG,4748
GCACGG,4396
TGCACG,4605
CGGGGA,5037
GCGGGG,6264
AGCGGG,3765
TAGCGG,1475
GTAGCG,1422
TAACTG,16883
ATGGCT,21493
TTATTC,29581
CACATA,26355
GGCATA,10992
TATGGC,11769
GCACCT,15574
GGCACC,13584
GATGAG,18575
CATTAC,13939
CTCTCC,24907
GCCCTC,14198
TGTCTC,28973
GTGTCT,21433
TGTGTC,23969
AGCTGT,20680
GCTCAA,15753
AGCACC,14020
TATAGC,11782
CGGTGT,3233
CCGGTG,3039
ACCGGT,714
AACCGG,1926
CCCATC,19741
AGGATT,21625
TAAGGA,19229
CTAAGG,11615
GATTAC,20673
GCCTCC,39236
CGGCCT,7841
TCGGCC,5803
CTCGGC,9403
CCTCGG,7501
ACCTCG,5339
TGATCC,16754
GTGATC,17673
CCCCTG,18975
CGGCCA,4722
ATCGGC,1494
TAGTAG,17072
CTGCTA,14958
TTGTGC,15607
CTTGTG,18567
GAGTGA,21262
CGGGTT,4456
CCGGGT,5947
CCCGGG,5184
TCCCGG,6584
CTCCCG,10107
CTTGGC,20972
CACAAT,23405
GTGACA,19674
GAGTGC,17154
TCACCC,17578
GTCACC,14467
GTGTTG,16530
AGAGTG,22498
GCACTA,8481
CGGTCT,2470
ACGGTC,1859
CACGGT,5449
TCACGG,3946
TTCACG,5170
CTTATG,14687
GCCAAA,19431
GGCCAA,20291
GCATGC,6870
TACAAG,16138
AAGCAC,16446
GGAGAC,16782
ACTGCT,19617
GTTAGC,8764
TTACTA,18197
CGTCAT,2801
CCGTCA,2778
GCCGTC,2383
TGCCGT,3466
TTGCCG,2440
GTGAAC,13346
CGACAA,1944
CCGACA,2176
ACCGAC,1405
CACCGA,2800
CCACCG,6767
CCACTT,20657
GGCTGC,20505
TTGACC,11913
ACACGG,5417
TACACG,2888
CCATGG,9446
CCCCAT,20049
TTGGCA,18864
GAACCA,15826
ATCAAC,14042
GGGACA,17577
GCAGGG,22636
ATCCTG,20724
TGACCC,12418
AGAGCC,16839
GTGGGG,22152
GGGGAT,11699
GGTTCC,10918
GCTGCT,21878
TGGGGG,21691
ACTGTC,15194
CAAGGG,15139
CTATGG,11461
ACTGGG,20075
CGCTTT,3386
TCCGCT,2547
GTCCGC,1550
CGTTAT,2615
AACCGT,2509
TAACCG,1465
TCCTAC,11361
TTCCTA,23406
GAGCAC,11722
CAGCTC,22519
TACAGA,24977
GTTCCA,17061
CGTAAA,2904
ACGTAA,3596
AACGTA,3507
TAACGT,3089
GTAGCA,11271
ATAGCC,10118
CGACTC,2020
ACGACT,1891
GACGAC,1495
AGACGA,3298
AAGACG,3965
CGTTGC,2115
CCGTTG,2053
CTGCCG,4559
GGATCC,4319
AGGATC,12745
CTAGGA,14746
GGATTC,12372
CGTTTT,6356
CTTGCA,18406
CCCCAG,26513
CGTCTC,7925
CCGTCT,7887
TCCGTC,4377
CTCCGT,5659
ACTCCG,4258
GACTCC,14142
CGAGAC,7275
GCGAGA,4305
AGCGAG,5249
CAGCGA,3665
ACAGCG,3840
CGCCAC,7143
GCGCCA,4603
GGCGCC,2929
ATGGCG,4791
CGAGAT,5713
CCGAGA,6334
AGCCGA,5663
GAGCCG,6536
CGCAGT,3477
TCGCAG,2650
CTCGCA,2367
GCTCGC,2178
AGCTCG,2503
GAGCTC,7136
TCCCGC,3942
CGGGTG,5807
GCGGGT,3771
TGGCGG,5204
CGTGGT,7058
GCGTGG,7113
GGCGTG,11444
TGGCGT,4939
CTGGCG,3886
CCCGTC,5710
CCCCGT,6241
ACCCCG,5912
ACGAGG,4843
TCACGA,4607
ATCACG,5672
CGGATC,2976
GCGGAT,3094
GGCGGA,7034
AGGCGG,9693
CAGGCG,11279
GCGCCT,5259
TGCGCC,4335
TTGCGC,1879
CTTGCG,2107
GCGGTG,5740
CGCGGT,2021
GCGCGG,2824
TGCGCG,1058
CTGCGC,4021
CCTGCG,4513
GACATC,11752
ACGCCT,7035
TTCGAC,1452
ACTTCG,2623
CCCACT,19923
GCTAGT,7292
ACCACC,18059
ACGTTC,3199
CACGTT,5174
CCACGT,6249
TGGCAC,18031
CCAAGT,19295
TCGAGC,1728
TTTCGA,2738
TTTTCG,3770
CCTAGT,9316
GTACCC,6728
GTAGTA,9683
GGGGTA,7709
GGCTCC,14663
GGGCTC,15718
GGGGCT,16817
CGGGGC,5713
AACGGG,2585
TAAACG,3404
AGGGGC,15396
CGAAGG,2908
ACGAAG,3281
CACGAA,3443
AGCCTA,12217
CGTTGT,2821
ATTGCG,2305
ATGAGC,16823
GTGCCC,13609
AGTGCC,12940
GGCATC,11556
CGATGG,2775
ACGATG,3252
AACGAT,2814
GAACGA,2493
GGAACG,2987
ACGCTT,2784
AACGCT,2880
TAACGC,1499
TAACCC,9155
GTATGC,7796
GCTCTC,14777
AGCTTG,17236
TAAGGT,12791
TAGTTC,13439
TTAGGA,19386
ACACGT,5697
AACACG,5234
CGGAGA,3620
TACGGA,2059
CTACGG,1692
TCTACG,2116
CGAGAG,3482
AACGAG,3014
TAACGA,2275
CTAACG,1920
CGTCCT,3555
GCGTCC,2714
GGCGTC,2404
AAGGCG,3627
CGGCTA,3261
CCGGCT,5924
GTCCGT,2168
GGTCCG,1667
AGGGTC,12870
TGCCCG,6006
GACCTT,13298
CCGACC,2317
CCCGAC,2861
ATGCCC,14468
CGATTC,4038
GCGATT,3746
AGCGAT,4400
AAGCGA,4759
CAAGCG,4491
CGTCAA,2043
TCGTCA,2401
CTCGTC,2655
CCCTCG,3843
CGGTTC,2037
CGACCA,1865
ACGACC,1596
CACGAC,2225
GCCACG,5099
TACGGT,2032
ATACGG,2148
CGAATA,2245
ACGAAT,2931
AACGAA,4108
GTAACG,1457
CGACAG,4094
ACGACA,2599
TACGAC,1154
AATACG,3515
CACGAT,3971
GAGCCT,15356
ACGATC,2544
GTACGA,1161
TGTACG,2028
GTCCCT,15218
GCAGTT,15920
TGCCGA,2346
ATGCCG,2432
CCGCAA,2349
ACCGCA,3751
GTACCG,1063
CGAAAC,2758
CCGAAA,2723
CCCGAA,2746
ACCCGA,2369
GACCCG,2455
CGTAGG,1854
ATCCGT,2323
CGAGTA,3835
GCGAGT,1814
GAGCGA,4266
TGAGCG,3027
GTATAC,4942
CGGTCC,1873
CCGGTC,1895
TTCCCG,4039
CGTAAC,1642
CCGTAA,2236
ATTCCG,2497
CGACAC,2010
TCGACA,1868
ATCGAC,1208
AATCGA,2768
AAATCG,3564
CGGACA,2436
CTCGGA,2842
ACGGGC,2788
GGGCCC,6333
GCCCCA,17739
TGCCCC,15353
TACGAG,1801
GGTACG,1282
GTGCAC,6414
CCCCCC,10040
GCCCCC,12948
CGCCCC,5047
ACGCCC,4616
AACGCC,2303
CAGACG,4205
CGAATT,2633
CCGAAT,2241
TCCGAA,2255
TTCCGA,2353
CTTCCG,3605
GGCCCC,14579
CGCTCT,4929
GTCGCT,1822
AGTCGC,1552
CAGTCG,2107
GCTAGC,2959
CGTAAG,2435
GCCGTA,1371
GGCCGT,2998
TTCGAA,1414
ACGTCT,3853
AACGTC,2706
AGAACG,3885
TTCGGC,1978
CTTCGG,2906
GCGTGT,4204
CCCGAG,6756
CGGTTG,1831
TCGGTT,2265
GCTCGG,3034
TGCTCG,2640
ACCGCC,2520
GACCGC,1629
TGCGAT,2994
ATGCGA,1917
TATGCG,1690
ACTACG,1886
TACGCT,1796
GTACGC,873
AGTACG,1523
CCCCCG,5374
GATGCG,2146
ACGAGT,2360
CGATTG,1705
ACGATT,2777
GACGAT,1836
TTCGTA,2527
CTACGT,2631
ACGAAA,4001
TTACGA,2211
ATTACG,2555
ACGTGA,4910
GACGTG,3995
GACGAA,2146
CTGACG,2902
ATACGT,4157
GGGATC,9095
ACGGTA,2042
GAAACG,4335
CGAAAG,2800
ATTCGA,3182
CGGCGG,2224
GCGGCG,2290
CTGCGG,4682
GGCGGC,4747
ACGGCG,1093
CACGGC,4668
CCACGG,5366
CCCACG,5601
CGCGGC,1968
CCGCGG,1039
CGCGTT,605
CCGCGT,1207
TCGGCG,720
GCCTCG,6221
GCGGCA,3165
CGGCTG,4979
CCGGCG,1624
TCGCAA,1824
GTCGCA,1438
AAGTCG,2076
AGGGCG,3821
GCGAGG,3683
CGCGAG,920
CCGCGA,804
GAGCGG,3122
GGAGCG,3572
CGCTGG,4629
GCGCTG,3775
CGCGCT,1039
CGCGGG,2009
GGCGCG,3783
CGGCGC,1643
CCCGGC,9279
CCCCGG,5666
ATACCG,1568
GTCGGC,1657
CGTGTC,3754
CAGCGG,4208
GCAGCG,4417
GGGCGC,5468
TCGCCG,868
GTCGCC,3351
GAGGCG,8275
CGGAGG,6243
GCGGAG,5991
CGCGGA,915
CGTCGG,736
ACGTCG,622
CGACGG,656
GCGACG,603
CGCGAC,535
ACGCGA,503
GACGCG,986
AGACGC,3021
GCGATG,2352
CGCGAT,1265
GGCGAT,2189
GCGTCG,595
TGCGTC,2462
CTGCGT,4110
GCTGCG,4115
CGTCCA,3067
TTGGCG,2175
TCGGGG,3865
CATCGG,2065
GCATCG,2104
GCCGCT,2977
CGGCGT,992
TGCCGG,3387
GTGCCG,2933
CGTGCC,5960
GCGGCC,3804
GGCGAG,3444
CGTCGT,592
CGGAGC,4151
AATCCG,2044
TGCGGA,2532
CGTCCG,923
CACGGA,4260
CGAGCG,868
ACGAGC,1985
AAACGA,4664
GCGAAA,2660
GGCGAA,2295
GGGCGA,4117
CGGGCG,4840
TCGGGC,2351
TCCGGC,2538
CTCCGG,3864
TCAGCG,3202
CGGGTA,1711
CGAGTC,2652
GGCGCT,2997
GAGCGC,2593
CGAGCC,2914
CGCCTA,1851
GCCGGC,1969
GCCCGG,7897
AGCCCG,3968
GCGCGC,967
TCTGCG,3358
TCGCCT,3045
CGCTAA,1599
TTCCGC,2393
GCGAAG,2098
AGCGAA,2756
CGCACT,2278
GCGCAC,2590
AGCGCA,2655
GTTCGA,3488
CGTTCG,470
GTCGTT,1804
GGGTCG,1960
CGAACC,1461
CCGAAC,1418
TGCGGG,3821
AATGCG,2405
CGAATG,3245
GCGAAT,1597
TCGCGC,1415
CGCACC,4249
CACGCA,5113
TTCGGT,2309
GTCACG,2991
CAACGA,2308
CATCCG,2446
CGATAC,1153
GCGATA,1468
CACGCG,1507
ATTTCG,2794
TCATCG,2563
ACGTCA,3281
GACGTC,1103
GCGTCA,2113
ACGTGC,4614
GGACGT,2888
GCGTAA,1493
CGTGCT,4020
CACGTG,4217
GCACCG,2970
AACGTT,2173
GCGAAC,1052
TGCGAA,1940
CGAGGA,3577
CGACAT,2043
GCGACA,3448
TCACGC,7420
AGTTCG,3784
CACGTA,3867
CCGACT,2120
GACCGA,1723
TGACCG,2255
GCGCGT,981
TAGACG,1964
GTGCGG,3448
CGTGAG,7050
CGATCT,5374
TCGATC,2537
CTCGAT,3227
CGCTTC,2956
CCGGAC,1934
ACCGAT,1555
TCGTGC,3236
AAACGT,5811
GTACGT,2083
CGATCA,2051
GGTACC,3237
CGAAGA,2918
CTAGCG,1248
CGGAAC,1832
TAATCG,1867
GATACG,1972
GCGCTA,1163
ATGCGC,2050
CTATCG,1491
CGAATC,1828
ATAGCG,1759
CCGATT,1883
ACGTTG,3634
GTTCGT,2011
CCGTTC,2509
TACGTA,1678
GACGGT,2251
TAGCGT,1853
CGTCCC,3503
CCGTCC,3400
ACGCAT,2827
TACGCA,2068
CTACGC,1488
GCTACG,1695
AGCGCT,1522
CGCAAC,1570
TATCCG,1434
TCGGAT,1702
ACGCTC,2415
GACGCT,2591
CACTCG,2897
CTCGAG,1583
TACGTC,1737
CCTCGA,2953
TACGGG,1694
TCCGAC,1426
CATACG,2549
ATCGAA,2446
TCGTCC,2046
CGTTGA,2302
CCCGGT,2861
GCGATC,3282
AAGCGC,2204
TGTTCG,2254
CAGCGT,4440
ACCGGA,1695
GCACGC,3552
CGCGAA,416
CGCGCG,637
ACCCGT,2342
TCGTCG,387
CCCGGA,3586
GGTCGC,1543
AGCGTG,4225
CGTCAC,2827
TAGCGA,1537
TGCGCA,1246
CCGTAC,1080
GTGCGA,2348
GCGTAT,1714
TCGCCA,3249
TCGTAG,1740
TACGCC,1431
CGTCGA,329
ATCCGG,1781
TCGACT,1737
TCGGAG,2758
TCCGGA,1291
TTCCGG,2822
TCGCGA,207
CGTGCG,1213
ACGCGT,340
CGATCG,183
GTCGAC,412
CGACCG,508
TAGTCG,1097
CGGCCG,1190
CGTACG,182
CGCGTA,273
