Kmer_Orientation_A,Kmer_Orientation_B,Count,CREB1_UV_Preferred,EGR1_UV_Preferred
TAACCC,GGGTTA,744145,True,False
AACCCT,AGGGTT,1405234,True,False
ACCCTA,TAGGGT,900948,False,False
CCCTAA,TTAGGG,1082819,True,False
CCTAAC,GTTAGG,812125,False,False
CTAACC,GGTTAG,695392,False,True
AACCCA,TGGGTT,1807317,False,False
ACCCAA,TTGGGT,1473424,True,True
CCCAAC,GTTGGG,1131265,False,False
CCAACC,GGTTGG,1068168,False,False
CAACCC,GGGTTG,1011336,False,False
AACCCC,GGGGTT,1413538,True,False
ACCCCT,AGGGGT,1125987,True,False
CCCCTA,TAGGGG,752899,True,False
TAACCT,AGGTTA,1177575,False,False
AACCTA,TAGGTT,1232784,False,False
ACCTAA,TTAGGT,1272529,False,False
CCTAAA,TTTAGG,1669653,True,False
CTAAAC,GTTTAG,1085628,True,False
TAAACC,GGTTTA,1178545,True,True
AAACCC,GGGTTT,2045096,True,False
ACCCCA,TGGGGT,1768632,False,False
CCCCAA,TTGGGG,1626235,True,False
CCCTAC,GTAGGG,761171,False,False
CCTACC,GGTAGG,885127,False,False
CTACCC,GGGTAG,793240,False,False
TACCCT,AGGGTA,988347,False,False
ACCCTC,GAGGGT,1128121,False,False
CCCTCG,CGAGGG,258294,False,False
CCTCGC,GCGAGG,265639,False,False
CTCGCG,CGCGAG,64389,False,False
TCGCGG,CCGCGA,56362,False,False
CGCGGT,ACCGCG,154091,False,False
GCGGTA,TACCGC,95705,False,False
CGGTAC,GTACCG,84544,False,False
GGTACC,GGTACC,286614,False,False
GTACCC,GGGTAC,570360,False,False
CCCTCA,TGAGGG,1565712,True,False
CCTCAG,CTGAGG,3147086,False,False
CTCAGC,GCTGAG,2987458,False,False
TCAGCC,GGCTGA,2487097,False,False
CAGCCG,CGGCTG,351576,False,False
AGCCGG,CCGGCT,449134,False,False
GCCGGC,GCCGGC,124466,False,False
CCGGCC,GGCCGG,515198,False,False
CGGCCC,GGGCCG,312331,False,False
GGCCCG,CGGGCC,260792,False,False
GCCCGC,GCGGGC,416421,False,False
CCCGCC,GGCGGG,752871,False,False
CCGCCC,GGGCGG,522243,False,False
CGCCCG,CGGGCG,381073,False,False
GCCCGG,CCGGGC,618506,False,False
CCCGGG,CCCGGG,374921,False,False
CCGGGT,ACCCGG,464764,False,False
CGGGTC,GACCCG,162360,False,False
GGGTCT,AGACCC,1204334,False,False
GGTCTG,CAGACC,1109362,False,False
GTCTGA,TCAGAC,1199095,False,False
TCTGAC,GTCAGA,1328908,False,False
CTGACC,GGTCAG,1652618,False,False
TGACCT,AGGTCA,1953440,False,False
GACCTG,CAGGTC,1056179,False,False
ACCTGA,TCAGGT,1623163,False,False
CCTGAG,CTCAGG,2431776,False,False
TGAGGA,TCCTCA,2202152,False,False
GAGGAG,CTCCTC,2147356,True,False
AGGAGA,TCTCCT,3262681,True,False
GGAGAA,TTCTCC,3110224,True,False
GAGAAC,GTTCTC,1505733,False,False
AGAACT,AGTTCT,2138847,False,True
GAACTG,CAGTTC,1444757,False,False
AACTGT,ACAGTT,1772693,False,False
ACTGTG,CACAGT,2003346,False,False
CTGTGC,GCACAG,1697695,False,False
TGTGCT,AGCACA,1849612,False,False
GTGCTC,GAGCAC,948788,False,False
TGCTCC,GGAGCA,1363911,False,False
GCTCCG,CGGAGC,296299,False,False
CTCCGC,GCGGAG,461961,False,False
TCCGCC,GGCGGA,567199,False,False
CCGCCT,AGGCGG,781180,False,False
CGCCTT,AAGGCG,273450,False,False
GCCTTC,GAAGGC,1370358,False,False
CCTTCA,TGAAGG,1887609,True,False
CTTCAG,CTGAAG,2145576,False,False
TTCAGA,TCTGAA,2517414,False,False
TCAGAG,CTCTGA,2163809,False,False
CAGAGT,ACTCTG,2195403,False,False
AGAGTA,TACTCT,1401125,False,False
GAGTAC,GTACTC,622999,False,False
AGTACC,GGTACT,711335,False,False
GTACCA,TGGTAC,883876,False,False
TACCAC,GTGGTA,1056677,False,False
ACCACC,GGTGGT,1453529,False,False
CCACCG,CGGTGG,522093,False,False
CACCGA,TCGGTG,199698,False,False
ACCGAA,TTCGGT,176318,True,False
CCGAAA,TTTCGG,208410,True,True
CGAAAT,ATTTCG,223245,False,True
GAAATC,GATTTC,1725052,True,True
AAATCT,AGATTT,2920882,False,True
AATCTG,CAGATT,1887341,False,False
ATCTGT,ACAGAT,2032572,False,False
TCTGTG,CACAGA,2581675,False,False
TGTGCA,TGCACA,1963375,False,False
GTGCAG,CTGCAC,2038676,False,False
TGCAGA,TCTGCA,2185155,False,False
GCAGAG,CTCTGC,2337258,False,False
CAGAGG,CCTCTG,2425418,False,False
AGAGGA,TCCTCT,2456507,True,False
GAGGAC,GTCCTC,1051644,True,True
AGGACA,TGTCCT,1887985,False,False
GGACAA,TTGTCC,1224117,False,False
GACAAC,GTTGTC,823311,False,False
ACAACG,CGTTGT,210025,False,False
CAACGC,GCGTTG,134931,False,False
AACGCA,TGCGTT,213981,False,False
ACGCAG,CTGCGT,278754,False,False
CGCAGC,GCTGCG,280374,False,False
GCAGCT,AGCTGC,1505069,False,False
CAGCTC,GAGCTG,1883786,False,False
AGCTCC,GGAGCT,1506808,False,False
CGCCCT,AGGGCG,260876,False,False
GCCCTC,GAGGGC,1120270,False,False
GCGGTG,CACCGC,439646,False,False
CGGTGC,GCACCG,195588,False,False
GGTGCT,AGCACC,1152726,False,False
TGCTCT,AGAGCA,2124830,False,False
GCTCTC,GAGAGC,1192332,False,False
CTCTCC,GGAGAG,2103531,True,False
TCTCCG,CGGAGA,264396,False,False
CTCCGG,CCGGAG,276323,False,False
TCCGGG,CCCGGA,258593,True,False
GTCTGT,ACAGAC,1592338,False,False
GTGCTG,CAGCAC,2201187,False,False
TGCTGA,TCAGCA,2048305,False,False
AGAACG,CGTTCT,278525,False,False
GAACGC,GCGTTC,147372,False,False
ACGCAA,TTGCGT,183924,False,False
CGCAAC,GTTGCG,123431,False,False
GCAACT,AGTTGC,974022,False,False
CAACTC,GAGTTG,1169620,False,False
AACTCC,GGAGTT,1960988,True,False
ACTCCG,CGGAGT,332205,False,False
CCGCCG,CGGCGG,157925,False,False
CGCCGT,ACGGCG,68880,False,False
GCCGTT,AACGGC,147664,False,False
CCGTTG,CAACGG,151805,False,False
CGTTGC,GCAACG,163183,False,False
GTTGCA,TGCAAC,1412414,False,False
TTGCAA,TTGCAA,925854,False,False
TGCAAA,TTTGCA,2637916,False,False
GCAAAG,CTTTGC,1849677,False,False
CAAAGG,CCTTTG,2051753,True,True
AAAGGC,GCCTTT,1714256,False,False
AGGCGC,GCGCCT,408374,False,False
GGCGCG,CGCGCC,294154,False,False
GCGCGC,GCGCGC,72001,False,False
GCGCCG,CGGCGC,120716,False,False
CGCCGC,GCGGCG,167458,False,False
GCCGCG,CGCGGC,124982,False,False
CCGCGC,GCGCGG,212903,False,False
CGCCGG,CCGGCG,112559,False,False
GGCGCA,TGCGCC,334959,False,False
GCGCAG,CTGCGC,291202,False,False
CGCAGG,CCTGCG,290470,False,False
GCAGGC,GCCTGC,1395099,False,False
CAGGCG,CGCCTG,913896,False,False
CGCAGA,TCTGCG,234997,False,False
CAGAGA,TCTCTG,2979125,False,False
AGAGAG,CTCTCT,3330959,False,False
GAGAGG,CCTCTC,2072375,True,False
AGAGGC,GCCTCT,1713758,False,False
GAGGCG,CGCCTC,666542,False,False
GCAGAC,GTCTGC,965954,False,False
CAGACA,TGTCTG,2062898,False,False
AGACAC,GTGTCT,1702458,False,False
GACACA,TGTGTC,1875452,False,False
ACACAT,ATGTGT,2523183,False,False
CACATG,CATGTG,2175744,False,False
ACATGC,GCATGT,1470190,False,False
CATGCT,AGCATG,1668963,False,False
ATGCTA,TAGCAT,1414136,False,False
TGCTAG,CTAGCA,1048722,False,False
GCTAGC,GCTAGC,281323,False,False
CTAGCG,CGCTAG,96944,False,False
TAGCGC,GCGCTA,90427,False,False
AGCGCG,CGCGCT,72786,False,False
GCGCGT,ACGCGC,66723,False,False
CGCGTC,GACGCG,60043,False,False
GCGTCG,CGACGC,42292,False,False
CGTCGG,CCGACG,46331,False,False
GTCGGG,CCCGAC,212033,False,False
TCGGGG,CCCCGA,262805,True,False
CGGGGT,ACCCCG,447529,False,False
GGGGTG,CACCCC,1362284,True,False
GGGTGG,CCACCC,1857374,False,False
GGTGGA,TCCACC,1793280,True,False
GTGGAG,CTCCAC,1714132,False,False
TGGAGG,CCTCCA,2223219,True,False
GGAGGC,GCCTCC,3318194,False,False
AGGCGT,ACGCCT,581790,False,False
GGCGTG,CACGCC,925331,False,False
GCGTGG,CCACGC,527439,False,False
CGTGGC,GCCACG,326940,False,False
GTGGCG,CGCCAC,568925,False,False
TGGCGC,GCGCCA,362795,False,False
AGAGAC,GTCTCT,2227695,False,False
GAGACA,TGTCTC,2456292,False,False
TGCTAC,GTAGCA,928469,False,False
GCTACC,GGTAGC,625268,False,False
CTACCG,CGGTAG,123803,False,False
CCGCGT,ACGCGG,70200,False,False
GCGTCC,GGACGC,170934,False,False
CGTCCA,TGGACG,202911,True,False
GTCCAG,CTGGAC,1178089,False,False
TCCAGG,CCTGGA,2083161,False,False
CCAGGG,CCCTGG,1855647,False,False
CAGGGG,CCCCTG,1469289,False,False
GCGCAC,GTGCGC,185034,False,False
CGCACC,GGTGCG,320006,False,False
GAGACG,CGTCTC,641530,False,False
AGACGC,GCGTCT,203006,False,False
GACGCA,TGCGTC,169891,False,False
CGCAAG,CTTGCG,157460,False,False
GCAAGC,GCTTGC,910141,False,False
CAAGCC,GGCTTG,1131831,False,False
AAGCCT,AGGCTT,1585151,False,False
AGCCTA,TAGGCT,1070314,False,False
GCCTAC,GTAGGC,605915,False,False
CCTACG,CGTAGG,140167,False,False
CTACGG,CCGTAG,126888,False,False
TACGGG,CCCGTA,132063,False,False
ACGGGC,GCCCGT,190954,False,False
GCGGGG,CCCCGC,430145,False,False
CGGGGG,CCCCCG,355174,True,False
GGGGGT,ACCCCC,921266,True,False
TGGGGG,CCCCCA,1705983,True,False
GGGGGG,CCCCCC,782557,False,False
GGGGGC,GCCCCC,960386,True,False
GGGGCG,CGCCCC,364887,True,False
GGGCGT,ACGCCC,349473,False,False
GCGTGT,ACACGC,274565,False,False
CGTGTG,CACACG,436934,False,False
GTGTGT,ACACAC,3570939,False,False
TGTGTT,AACACA,2647376,False,False
GTGTTG,CAACAC,1314294,False,False
TGTTGC,GCAACA,1640840,False,False
TTGCAG,CTGCAA,2311933,False,False
TGCAGG,CCTGCA,1795271,False,False
GCAGGA,TCCTGC,2270656,False,False
CAGGAG,CTCCTG,3926778,False,False
AGGAGC,GCTCCT,1484567,False,False
GAGCAA,TTGCTC,1638432,False,False
AGCAAA,TTTGCT,2941507,False,False
CAAAGT,ACTTTG,2720084,False,False
AAAGTC,GACTTT,1837419,True,False
AAGTCG,CGACTT,159964,False,False
AGTCGC,GCGACT,114090,False,False
GTCGCA,TGCGAC,103928,False,False
TCGCAC,GTGCGA,174806,False,False
CGCACG,CGTGCG,78665,False,False
GCACGG,CCGTGC,296044,False,False
CACGGC,GCCGTG,290385,False,False
GGCGCC,GGCGCC,229190,False,False
GCCGGG,CCCGGC,726042,False,False
CGGGCT,AGCCCG,289806,False,False
GGGCTG,CAGCCC,1718115,False,False
GGCTGG,CCAGCC,3265238,False,False
GCTGGG,CCCAGC,3671130,False,False
CTGGGG,CCCCAG,2068831,False,False
TGGGGC,GCCCCA,1375526,False,False
GGGGGA,TCCCCC,1244420,True,False
GGGGAG,CTCCCC,1814430,True,False
GGGAGG,CCTCCC,4028407,True,False
GGAGGG,CCCTCC,2071660,True,False
AGGGTG,CACCCT,1433372,False,False
GGTGGC,GCCACC,1946279,False,False
CGTGCA,TGCACG,304794,False,False
GTGCAC,GTGCAC,490758,False,False
GCACGC,GCGTGC,245915,False,False
CACGCG,CGCGTG,90262,False,False
CGCGCA,TGCGCG,76526,False,False
GCAGAA,TTCTGC,2249629,False,False
CAGAAA,TTTCTG,3957991,False,False
AGAAAC,GTTTCT,2643349,False,False
GAAACT,AGTTTC,2229527,False,False
AAACTC,GAGTTT,2173261,False,False
AACTCA,TGAGTT,1982129,False,False
ACTCAC,GTGAGT,1282502,False,False
CTCACG,CGTGAG,551212,False,False
TCACGT,ACGTGA,347954,False,False
CACGTC,GACGTG,269454,False,False
ACGTCA,TGACGT,229198,False,False
CGTCAC,GTGACG,193919,False,False
GTCACG,CGTGAC,201528,False,False
TCACGG,CCGTGA,263767,False,False
CACGGT,ACCGTG,402296,False,False
ACGGTG,CACCGT,414337,False,False
AGACGG,CCGTCT,637808,False,False
GACGGG,CCCGTC,456116,False,False
ACGGGT,ACCCGT,166887,False,False
CGGGTA,TACCCG,135726,False,False
GGTAGA,TCTACC,1132161,False,False
GTAGAA,TTCTAC,1571349,False,False
TAGAAC,GTTCTA,1174645,False,False
AGAACC,GGTTCT,1212630,False,False
GAACCT,AGGTTC,1153482,False,False
AACCTC,GAGGTT,1804866,True,False
ACCTCA,TGAGGT,2105921,False,False
CTCAGT,ACTGAG,1826042,False,False
TCAGTA,TACTGA,1525878,False,False
CAGTAA,TTACTG,1739468,False,False
AGTAAT,ATTACT,1815216,False,False
GTAATC,GATTAC,1823133,False,False
TAATCC,GGATTA,2249696,True,False
AATCCG,CGGATT,155572,False,False
ATCCGA,TCGGAT,128086,False,True
TCCGAA,TTCGGA,169128,True,True
CGAAAA,TTTTCG,291029,False,True
GAAAAG,CTTTTC,3248523,False,False
AAAAGC,GCTTTT,2535686,False,False
AAAGCC,GGCTTT,1705244,False,True
AAGCCG,CGGCTT,232751,False,False
CCGGGA,TCCCGG,498943,True,True
CGGGAT,ATCCCG,199872,True,True
GGGATC,GATCCC,786134,False,False
GGATCG,CGATCC,158642,False,False
GATCGA,TCGATC,201638,False,False
ATCGAC,GTCGAT,95300,False,False
TCGACC,GGTCGA,115160,False,False
CGACCG,CGGTCG,33737,False,False
GACCGC,GCGGTC,117758,False,False
ACCGCC,GGCGGT,182166,False,False
GCCCCT,AGGGGC,1197544,False,False
CCCCTT,AAGGGG,1437825,True,False
CCCTTG,CAAGGG,1256720,False,False
CCTTGC,GCAAGG,1238058,False,False
CTTGCT,AGCAAG,1985520,False,False
TTGCTT,AAGCAA,2871151,False,False
TGCTTG,CAAGCA,1807070,False,False
CTTGCA,TGCAAG,1467455,False,False
TGCAGC,GCTGCA,1801238,False,False
GCAGCC,GGCTGC,1599608,False,False
CGGGCA,TGCCCG,467720,False,False
GGGCAC,GTGCCC,1032501,False,False
GGCACT,AGTGCC,1089354,False,False
GCACTA,TAGTGC,734976,False,False
CACTAC,GTAGTG,851462,False,False
ACTACA,TGTAGT,1720412,False,False
CTACAG,CTGTAG,1662193,False,False
TACAGG,CCTGTA,2456829,False,False
ACAGGA,TCCTGT,1957479,False,False
CAGGAC,GTCCTG,1271706,False,False
AGGACC,GGTCCT,937414,False,False
GGACCC,GGGTCC,776224,False,False
ACCCGC,GCGGGT,275624,False,False
CCCGCT,AGCGGG,274029,False,False
CCGCTT,AAGCGG,214160,False,False
CGCTTG,CAAGCG,383932,False,False
TGCTCA,TGAGCA,1805371,False,False
GCTCAC,GTGAGC,2122813,False,False
TGCTGT,ACAGCA,2178490,False,False
GCTGTG,CACAGC,1921340,False,False
TGTGCC,GGCACA,1727909,False,False
GTGCCA,TGGCAC,1540047,False,False
TGCCAG,CTGGCA,1762648,False,False
GCCAGG,CCTGGC,2739689,False,False
CAGGGC,GCCCTG,1590755,False,False
GGGCGC,GCGCCC,407758,False,False
CCCCCT,AGGGGG,1064916,True,False
CCCTGC,GCAGGG,1724720,False,False
CCTGCT,AGCAGG,1905579,False,False
CTGCTG,CAGCAG,2332481,False,False
TGCTGG,CCAGCA,2675568,False,False
GCTGGC,GCCAGC,1251271,False,False
CTGGCG,CGCCAG,267870,False,False
TGGCGA,TCGCCA,268383,False,False
GGCGAC,GTCGCC,260861,False,False
CGACTA,TAGTCG,87553,False,False
GACTAG,CTAGTC,676260,False,False
ACTAGG,CCTAGT,824481,False,False
CTAGGG,CCCTAG,848708,False,False
TAGGGC,GCCCTA,660017,False,False
AGGGCA,TGCCCT,1656054,False,False
GGGCAA,TTGCCC,1573935,False,False
GGCAAC,GTTGCC,1182657,False,False
CAACTG,CAGTTG,1272166,False,False
AACTGC,GCAGTT,1315505,False,False
ACTGCA,TGCAGT,3000101,False,False
CTGCAG,CTGCAG,1295848,False,False
AGGGCT,AGCCCT,1484595,False,False
GGGCTC,GAGCCC,1277588,False,False
GGCTCT,AGAGCC,1389133,False,False
TCTCTT,AAGAGA,3347248,False,False
CTCTTG,CAAGAG,1877369,False,False
TCTTGC,GCAAGA,1715087,False,False
TGCTTA,TAAGCA,1554739,False,False
GCTTAG,CTAAGC,860365,False,False
CTTAGA,TCTAAG,1371412,False,True
TTAGAG,CTCTAA,1541357,False,False
TAGAGT,ACTCTA,1221235,False,False
AGAGTG,CACTCT,1902634,False,False
GAGTGG,CCACTC,1325111,False,False
AGTGGT,ACCACT,1609804,False,False
GTGGTG,CACCAC,2410097,False,False
TGGTGG,CCACCA,2760492,True,False
GTGGCC,GGCCAC,1084349,False,False
TGGCCA,TGGCCA,1297172,False,True
GGCCAG,CTGGCC,2201572,False,False
CCAGCG,CGCTGG,315836,False,False
CAGCGC,GCGCTG,257445,False,False
AGCGCC,GGCGCT,212149,False,False
CCGGGG,CCCCGG,355190,True,False
CGGGGC,GCCCCG,375278,False,False
GGGGCA,TGCCCC,1220396,False,False
GCACTG,CAGTGC,1334176,False,False
CACTGC,GCAGTG,2943669,False,False
AGGGCC,GGCCCT,1117972,False,False
GGGCCC,GGGCCC,457577,False,False
CCCTCT,AGAGGG,1853348,True,False
CCTCTT,AAGAGG,2149731,True,False
GCTTAC,GTAAGC,685754,False,False
CTTACT,AGTAAG,1370623,False,False
TACTGT,ACAGTA,1542798,False,False
ACTGTA,TACAGT,1668616,False,False
CTGTAT,ATACAG,1724175,False,False
TGTATA,TATACA,2437243,False,False
GTATAG,CTATAC,807556,False,False
TATAGT,ACTATA,1544087,False,False
ATAGTG,CACTAT,1316115,False,False
TAGTGG,CCACTA,1045058,False,False
GTGGCA,TGCCAC,1863811,False,False
GGCACG,CGTGCC,458031,False,False
ACGCCG,CGGCGT,65572,False,False
GCCGCC,GGCGGC,347892,False,False
TGGCAG,CTGCCA,1986867,False,False
GGCAGC,GCTGCC,1370340,False,False
CAGCTA,TAGCTG,2135943,False,False
AGCTAG,CTAGCT,1032684,False,False
GCTAGG,CCTAGC,831105,False,False
TAGGGA,TCCCTA,1234428,True,False
AGGGAC,GTCCCT,1209211,True,False
GGGACA,TGTCCC,1360934,False,False
GGACAT,ATGTCC,1314010,False,False
GACATT,AATGTC,1756296,False,False
ACATTG,CAATGT,1654250,False,False
CATTGC,GCAATG,1414107,False,False
ATTGCA,TGCAAT,1867362,False,False
CAGGGT,ACCCTG,1697937,False,False
AGGGTC,GACCCT,1054631,False,False
GCTCAA,TTGAGC,1397592,False,False
CTCAAG,CTTGAG,1940218,False,False
TCAAGG,CCTTGA,1557460,False,True
CAAGGT,ACCTTG,1475589,False,False
AAGGTG,CACCTT,1601003,False,False
AGGTGT,ACACCT,1631042,False,False
GGTGTA,TACACC,813761,False,False
GTGTAG,CTACAC,847301,False,False
AGTGGC,GCCACT,1856190,False,False
GCAGCA,TGCTGC,1780491,False,False
AGCACG,CGTGCT,265351,False,False
CGCCCA,TGGGCG,605957,False,False
GCCCAC,GTGGGC,1200746,False,False
CCCACC,GGTGGG,2246358,True,False
CCACCT,AGGTGG,2299488,False,False
CACCTG,CAGGTG,2506569,False,False
ACCTGC,GCAGGT,1366336,False,False
CAGCTG,CAGCTG,1074311,False,False
AGCTGG,CCAGCT,2868519,False,False
TGGGGA,TCCCCA,2262865,True,False
GGGGAC,GTCCCC,933190,True,False
GGACAC,GTGTCC,1086525,False,False
GACACT,AGTGTC,1153338,False,False
ACACTG,CAGTGT,1914501,False,False
ACTGCC,GGCAGT,1227090,False,False
CTGCCG,CGGCAG,312787,False,False
TGCCGG,CCGGCA,231938,False,False
GCTCCA,TGGAGC,1348555,False,False
CTCCAA,TTGGAG,1822116,True,False
TCCAAC,GTTGGA,1169732,True,False
CCAACA,TGTTGG,2042816,False,False
CAACAG,CTGTTG,1839984,False,False
AACAGT,ACTGTT,1778509,False,False
CAGTAC,GTACTG,823068,False,False
AGTACT,AGTACT,539700,False,False
TACTGG,CCAGTA,1161125,False,False
ACTGGC,GCCAGT,1160661,False,False
TGGCGG,CCGCCA,388781,False,False
GCGGAT,ATCCGC,261067,False,False
GATTAT,ATAATC,1674599,False,True
ATTATA,TATAAT,3083063,False,False
TTATAG,CTATAA,1850394,False,False
TATAGG,CCTATA,1066438,False,False
ATAGGG,CCCTAT,855598,False,False
AGGGAA,TTCCCT,2556713,True,False
GGGAAA,TTTCCC,2577708,True,False
GGAAAC,GTTTCC,1728133,True,False
GAAACA,TGTTTC,2612692,False,False
AAACAC,GTGTTT,2373413,False,False
AACACC,GGTGTT,1204387,False,False
ACACCC,GGGTGT,1137547,False,False
CACCCG,CGGGTG,438092,False,False
GAGCAT,ATGCTC,1176718,False,False
AGCATA,TATGCT,1356899,False,False
GCATAT,ATATGC,1385552,False,False
CATATG,CATATG,897323,False,False
ATGCTG,CAGCAT,1976575,False,False
GCTGTT,AACAGC,1515007,False,False
CTGTTT,AAACAG,2933809,False,False
TGTTTG,CAAACA,2744671,False,False
GTTTGG,CCAAAC,1467147,True,False
TTTGGT,ACCAAA,2306940,True,True
TTGGTC,GACCAA,1130189,False,False
TGGTCT,AGACCA,2189296,False,False
GGTCTC,GAGACC,1648512,False,False
GTCTCA,TGAGAC,2348549,False,False
TCTCAG,CTGAGA,2678572,False,False
CAGTAG,CTACTG,1227454,False,False
AGTAGA,TCTACT,2021108,False,False
GTAGAC,GTCTAC,621386,False,False
TAGACT,AGTCTA,1091160,False,False
AGACTC,GAGTCT,1590436,False,False
GACTCC,GGAGTC,1162527,False,False
ACTCCT,AGGAGT,2041699,False,False
CTCCTA,TAGGAG,1343123,False,False
TCCTAA,TTAGGA,1624854,False,True
CTAAAT,ATTTAG,2078288,True,False
TAAATA,TATTTA,4527999,False,True
AAATAT,ATATTT,5778414,False,True
AATATG,CATATT,2434352,False,False
ATATGG,CCATAT,1516285,False,False
TATGGG,CCCATA,972123,True,False
ATGGGA,TCCCAT,1892817,True,False
TGGGAT,ATCCCA,2646526,True,False
GGGATT,AATCCC,2231846,True,True
GGATTC,GAATCC,1050922,True,True
GATTCC,GGAATC,1103654,True,True
ATTCCT,AGGAAT,2311027,True,False
TTCCTG,CAGGAA,2791437,False,False
TCCTGG,CCAGGA,2711642,False,False
CCTGGG,CCCAGG,3535989,False,True
CTGGGT,ACCCAG,2415078,False,False
GTTTAA,TTAAAC,1930469,True,False
TTTAAA,TTTAAA,3404122,True,True
TTAAAA,TTTTAA,6897696,True,True
TAAAAG,CTTTTA,3104624,True,True
AAAAGT,ACTTTT,3458841,True,False
AAAGTA,TACTTT,2701497,False,False
AAGTAA,TTACTT,2374515,False,False
AGTAAA,TTTACT,2544792,False,False
GTAAAA,TTTTAC,2546635,False,False
TAAAAA,TTTTTA,7513190,True,True
AAAAAA,TTTTTT,19582724,True,True
AAAAAT,ATTTTT,9278275,True,True
AAAATA,TATTTT,8267200,False,True
AAATAA,TTATTT,7258444,False,True
AATAAA,TTTATT,7002549,True,True
ATAAAT,ATTTAT,4981900,False,True
ATATGT,ACATAT,2740422,False,False
TATGTT,AACATA,2500698,False,False
ATGTTT,AAACAT,3380909,False,False
TGTTTA,TAAACA,2759000,False,False
TTTAAT,ATTAAA,4257995,True,True
TTAATT,AATTAA,3790598,True,True
TAATTT,AAATTA,5286278,False,True
AATTTG,CAAATT,2793591,False,True
ATTTGT,ACAAAT,3132900,False,False
TTTGTG,CACAAA,2710510,False,False
TTGTGA,TCACAA,2029848,False,False
TGTGAA,TTCACA,2490580,False,False
GTGAAC,GTTCAC,1065846,False,False
TGAACT,AGTTCA,2003104,False,False
AACTGA,TCAGTT,2049631,False,False
ACTGAT,ATCAGT,1493702,False,False
CTGATT,AATCAG,1863364,False,False
TGATTA,TAATCA,1740980,False,True
ATTACC,GGTAAT,1100079,False,False
TTACCA,TGGTAA,1477088,False,False
TACCAT,ATGGTA,1551273,False,False
ACCATC,GATGGT,1440722,False,False
CCATCA,TGATGG,1835740,False,False
CATCAG,CTGATG,1648430,False,False
ATCAGA,TCTGAT,1927884,False,True
TCAGAA,TTCTGA,2708077,False,False
CAGAAT,ATTCTG,2523123,False,False
AGAATT,AATTCT,3049060,False,False
GAATTG,CAATTC,1606111,False,True
AATTGT,ACAATT,2177047,False,False
ATTGTA,TACAAT,1876971,False,False
TTGTAC,GTACAA,1105493,False,False
TGTACT,AGTACA,1327639,False,False
CTGTTC,GAACAG,1678314,False,False
TGTTCT,AGAACA,2621225,False,False
GTTCTG,CAGAAC,1613992,False,False
TTCTGT,ACAGAA,3344784,False,False
TCTGTA,TACAGA,2077619,False,False
TGTATC,GATACA,1314564,False,False
GTATCC,GGATAC,685207,True,False
TATCCC,GGGATA,963329,True,True
TCCCAC,GTGGGA,1856554,False,False
CACCAG,CTGGTG,1602548,False,False
ACCAGC,GCTGGT,1745378,False,False
CAGCAA,TTGCTG,2172611,False,False
AGCAAT,ATTGCT,2077958,False,False
ATGTCT,AGACAT,2021154,False,False
TGTCTA,TAGACA,1437535,False,False
GTCTAG,CTAGAC,733436,False,False
TCTAGG,CCTAGA,1214760,False,False
CTAGGA,TCCTAG,1315081,False,False
TAGGAA,TTCCTA,1984615,False,False
GGAATG,CATTCC,1708025,False,False
GAATGC,GCATTC,1227021,False,False
AATGCC,GGCATT,1434010,False,False
ATGCCT,AGGCAT,2125960,False,False
TGCCTG,CAGGCA,2882445,False,False
GCCTGT,ACAGGC,2285727,False,False
CCTGTT,AACAGG,1644394,False,False
TTTCTC,GAGAAA,3926775,True,False
TCTCCA,TGGAGA,2504530,False,False
TCCACA,TGTGGA,1842754,False,False
CCACAA,TTGTGG,1712024,False,False
ACAAAG,CTTTGT,2674691,False,False
AAAGTG,CACTTT,3006655,False,False
AAGTGT,ACACTT,1818641,False,False
AGTGTT,AACACT,1914846,False,False
GTTTAC,GTAAAC,1058909,False,False
CTTTTG,CAAAAG,2756407,False,False
TTTTGG,CCAAAA,2978558,True,True
TTTGGA,TCCAAA,2538805,True,True
TTGGAT,ATCCAA,1538852,True,True
TGGATT,AATCCA,1919430,True,False
GGATTT,AAATCC,1859058,True,False
GATTTT,AAAATC,3277494,True,True
TTTTTG,CAAAAA,5964793,True,False
TTTTGC,GCAAAA,2563524,False,False
TTTGCC,GGCAAA,1831789,False,False
TTGCCA,TGGCAA,1770136,False,False
CCAGTC,GACTGG,1252912,False,False
CAGTCT,AGACTG,1811678,False,False
GTCTAA,TTAGAC,933075,False,False
TCTAAC,GTTAGA,1029613,False,False
CTAACA,TGTTAG,1442493,False,False
TAACAG,CTGTTA,1496496,False,False
ACAGGT,ACCTGT,1694009,False,False
AGGTGA,TCACCT,1950785,False,False
GGTGAA,TTCACC,1793488,False,False
GTGAAG,CTTCAC,1562516,False,False
TGAAGC,GCTTCA,1529214,False,False
GAAGCC,GGCTTC,1351685,False,False
AAGCCC,GGGCTT,1199753,True,False
CTGGAG,CTCCAG,2894335,False,False
GGAGAT,ATCTCC,1634356,True,False
GAGATT,AATCTC,1952342,False,True
AGATTC,GAATCT,1577456,False,False
GATTCT,AGAATC,1985633,False,False
ATTCTT,AAGAAT,3180749,False,False
TTCTTA,TAAGAA,2740894,False,False
TCTTAT,ATAAGA,2058406,False,False
CTTATT,AATAAG,2293756,False,False
TTATTA,TAATAA,3538597,False,True
TATTAG,CTAATA,1594256,False,False
ATTAGT,ACTAAT,1491402,False,False
TTAGTG,CACTAA,1253747,False,False
TAGTGA,TCACTA,1339908,False,False
AGTGAT,ATCACT,2022924,False,False
GTGATT,AATCAC,1731691,False,False
TGATTT,AAATCA,3424801,False,True
GATTTG,CAAATC,1731175,False,True
ATTTGG,CCAAAT,2308402,True,True
TTTGGG,CCCAAA,2935010,True,True
TTGGGC,GCCCAA,1062629,False,False
TGGGCT,AGCCCA,1809057,False,True
GGGGCC,GGCCCC,1032636,False,False
GGGCCT,AGGCCC,1183297,False,False
GGCCTG,CAGGCC,1581736,False,False
GCCTGG,CCAGGC,3356002,False,False
GGCCAT,ATGGCC,1144108,False,True
GCCATG,CATGGC,1479449,False,False
CCATGT,ACATGG,2218034,False,False
TGTGTA,TACACA,2023390,False,False
GTGTAT,ATACAC,1580216,False,False
TGTATT,AATACA,3338212,False,False
GTATTT,AAATAC,3425133,False,True
TTAAAT,ATTTAA,4154789,True,True
TAAATT,AATTTA,3863389,True,True
AAATTT,AAATTT,2613406,True,True
AATTTC,GAAATT,2887135,True,True
ATTTCC,GGAAAT,2529515,True,True
TTTCCA,TGGAAA,3382883,True,False
TTCCAC,GTGGAA,1731360,False,False
TCCACT,AGTGGA,1601445,False,False
CCACTG,CAGTGG,2649559,False,False
CACTGA,TCAGTG,1897415,False,False
TGATGA,TCATCA,2022347,False,False
GATGAT,ATCATC,1479152,False,True
ATGATT,AATCAT,2298048,False,True
ATTTTG,CAAAAT,4007729,False,False
CTGCAT,ATGCAG,1839460,False,False
TGCATG,CATGCA,1745103,False,False
GCATGG,CCATGC,1547352,False,False
TGGCCG,CGGCCA,339339,False,False
GCCGGT,ACCGGC,148399,False,False
CCGGTG,CACCGG,202072,False,False
CGGTGT,ACACCG,220567,False,False
TGTTGA,TCAACA,1967819,False,False
GTTGAG,CTCAAC,1137320,False,False
TTGAGA,TCTCAA,2958608,False,False
TGAGAA,TTCTCA,3143031,False,False
GAGAAT,ATTCTC,2609084,False,False
AGAATG,CATTCT,2766599,False,False
GAATGA,TCATTC,2174329,False,True
AATGAC,GTCATT,1657265,False,False
ATGACT,AGTCAT,1597832,False,False
TGACTG,CAGTCA,1502274,False,False
GACTGC,GCAGTC,900268,False,False
ACTGCG,CGCAGT,270444,False,False
TGCGCA,TGCGCA,87859,False,False
GCGCAA,TTGCGC,148697,False,False
CGCAAA,TTTGCG,196481,False,False
GCAAAT,ATTTGC,1960177,False,False
TTGCCG,CGGCAA,174317,False,False
GCCGGA,TCCGGC,185456,False,False
CCGGAT,ATCCGG,136632,True,False
TTTCCT,AGGAAA,4180753,False,False
TTCCTT,AAGGAA,3879969,True,False
TCCTTT,AAAGGA,3387405,True,True
TGTTCC,GGAACA,1609901,False,False
GTTCCT,AGGAAC,1471054,False,False
CATGTA,TACATG,1736536,False,False
ATGTAG,CTACAT,1338807,False,False
GTAGTT,AACTAC,1180701,False,False
TAGTTT,AAACTA,2556538,False,False
AGTTTA,TAAACT,2064713,False,False
TAAACG,CGTTTA,247810,False,False
AAACGA,TCGTTT,345234,False,True
AACGAG,CTCGTT,232297,False,False
ACGAGA,TCTCGT,267556,False,False
CGAGAT,ATCTCG,463971,False,True
AGATTG,CAATCT,1548023,False,False
GATTGC,GCAATC,1070690,False,False
ATTGCC,GGCAAT,1135396,False,False
ACCGGG,CCCGGT,202926,False,False
GGGTAT,ATACCC,854964,False,False
GGTATC,GATACC,666491,False,False
GTATCA,TGATAC,1016206,False,False
TATCAT,ATGATA,1882671,False,False
ATCATT,AATGAT,2456067,False,True
CATTCA,TGAATG,2328180,False,False
ATTCAC,GTGAAT,1636372,False,False
TCACCA,TGGTGA,2187565,False,True
CACCAT,ATGGTG,2424175,False,False
ACCATT,AATGGT,1774186,True,True
CCATTT,AAATGG,2925041,True,True
CATTTT,AAAATG,5213114,False,False
TTTTTC,GAAAAA,5500779,True,True
TTTTCT,AGAAAA,7012381,True,True
TTTCTT,AAGAAA,6876642,True,False
TTCTTT,AAAGAA,6464804,True,True
TCTTTT,AAAAGA,5697777,False,True
TTTCGT,ACGAAA,308810,False,False
TTCGTT,AACGAA,309315,False,False
TCGTTA,TAACGA,177965,False,False
CGTTAA,TTAACG,186232,False,True
GTTAAC,GTTAAC,387517,False,False
TTAACT,AGTTAA,1862689,True,False
TAACTT,AAGTTA,1898744,False,False
AACTTG,CAAGTT,1578512,False,False
ACTTGC,GCAAGT,1076528,False,False
CTTGCC,GGCAAG,1329379,False,False
TGCCGT,ACGGCA,233837,False,False
GCCGTC,GACGGC,152790,False,False
CCGTCA,TGACGG,194102,False,False
CGTCAG,CTGACG,202983,False,False
GTCAGC,GCTGAC,890631,False,False
CAGCCT,AGGCTG,4469566,False,False
AGCCTT,AAGGCT,1657094,False,False
CCTTTT,AAAAGG,2921344,True,False
TCTTTG,CAAAGA,2905090,False,False
CTTTGA,TCAAAG,2240740,False,True
TTTGAC,GTCAAA,1532450,False,False
TTGACC,GGTCAA,977230,False,False
GACCTC,GAGGTC,1431161,False,False
ACCTCT,AGAGGT,1828033,False,False
CTCTTC,GAAGAG,2259302,False,False
TCTTCT,AGAAGA,3400055,False,False
CTTCTT,AAGAAG,3048446,False,False
TCTTTC,GAAAGA,3456465,False,False
CTTTCT,AGAAAG,4007655,False,False
TCTGTT,AACAGA,3010694,False,False
TGTTCA,TGAACA,2092949,False,False
GTTCAT,ATGAAC,1540785,False,False
TTCATG,CATGAA,2221540,False,False
TCATGT,ACATGA,1957735,False,False
TATTTG,CAAATA,3058252,False,False
GCTGTC,GACAGC,1042015,False,False
CTGTCT,AGACAG,2777898,False,False
CTCTTA,TAAGAG,1518071,False,False
TCTTAG,CTAAGA,1430381,False,False
CTTAGC,GCTAAG,965329,False,False
TTAGCC,GGCTAA,1457674,False,False
TAGCCC,GGGCTA,678818,False,False
GCCCAG,CTGGGC,2740799,False,False
CCCAGA,TCTGGG,2124737,False,False
CCAGAC,GTCTGG,1273264,False,False
CAGACT,AGTCTG,1556036,False,False
AGACTT,AAGTCT,1818847,False,False
GACTTC,GAAGTC,1288507,False,False
ACTTCC,GGAAGT,1622766,False,False
CTTCCC,GGGAAG,2239791,True,False
TTCCCG,CGGGAA,294018,True,False
TCCCGT,ACGGGA,240830,False,False
CCCGTG,CACGGG,288208,False,False
CCGTGT,ACACGG,361257,False,False
CGTGTC,GACACG,242826,False,False
GTCCTT,AAGGAC,1394665,True,False
CCTTTC,GAAAGG,2174765,False,True
CTTTCC,GGAAAG,2434134,False,False
GGCCTT,AAGGCC,1243289,False,True
TTTGAG,CTCAAA,3243751,True,False
TGAGAG,CTCTCA,1986654,False,False
GGTCAC,GTGACC,872198,False,False
GTCACA,TGTGAC,1323991,False,False
TCACAG,CTGTGA,2188348,False,False
CACAGG,CCTGTG,1944096,False,False
ACAGGG,CCCTGT,1780834,False,False
GGTCTT,AAGACC,1467992,False,False
GTCTTG,CAAGAC,1639091,False,False
TCTTGA,TCAAGA,2149934,False,False
CTTGAT,ATCAAG,1461073,False,True
TTGATG,CATCAA,1683420,False,False
TGATGC,GCATCA,1179613,False,False
GATGCT,AGCATC,1293725,False,False
CTGTGG,CCACAG,2104937,False,False
TGTGGT,ACCACA,2162089,False,False
GTGGTC,GACCAC,885345,False,False
GTCTTC,GAAGAC,1428882,False,False
TCTTCA,TGAAGA,2611719,False,False
CTTCAT,ATGAAG,2273034,False,False
TTCATC,GATGAA,1973684,False,True
TCATCT,AGATGA,2347162,False,True
CATCTG,CAGATG,2020654,False,False
ATCTGC,GCAGAT,1495118,False,False
GGTGTC,GACACC,847917,False,False
CTGACT,AGTCAG,1596159,False,False
TGACTT,AAGTCA,2103108,False,False
CTTCCA,TGGAAG,2365026,False,False
TTCCAG,CTGGAA,2525622,False,False
TCCAGC,GCTGGA,2457381,False,False
AGCAAC,GTTGCT,1225766,False,False
ACTGCT,AGCAGT,1670016,False,False
TGGCCT,AGGCCA,2048817,False,False
GGGTGC,GCACCC,979265,False,False
GGTGCA,TGCACC,1285055,False,False
GTGCAA,TTGCAC,1229041,False,False
CAAGCT,AGCTTG,1405325,False,False
AAGCTG,CAGCTT,1972400,False,False
AGCTGA,TCAGCT,2070524,False,False
CTGAGC,GCTCAG,1644835,False,False
AGCACT,AGTGCT,2169608,False,False
CACTGG,CCAGTG,1646504,False,False
ACTGGA,TCCAGT,1686561,False,False
TGGAGT,ACTCCA,2391936,False,False
GGAGTG,CACTCC,1938762,False,False
AGTTTT,AAAACT,3592621,False,False
GTTTTC,GAAAAC,2598978,False,False
TTTTCC,GGAAAA,3695918,True,False
GGAGCC,GGCTCC,1157381,False,False
GAGCCA,TGGCTC,2326102,False,False
AGCCAT,ATGGCT,1763956,True,False
CATGCC,GGCATG,2024778,False,False
TGCCTA,TAGGCA,1321743,False,False
GCCTAG,CTAGGC,910147,False,False
CTAGAG,CTCTAG,1194431,False,False
AGTGGG,CCCACT,1671936,False,False
GGGATG,CATCCC,1370118,True,False
GGATGG,CCATCC,1604988,True,False
GATGGG,CCCATC,1707501,True,False
ATGGGC,GCCCAT,1043827,False,False
TGGGCC,GGCCCA,1210076,False,False
GGGCCA,TGGCCC,1210694,False,False
GCCATT,AATGGC,1663434,False,True
CCATTG,CAATGG,1488015,False,False
CATTGT,ACAATG,1957974,False,False
ATTGTT,AACAAT,2414466,False,False
TTGTTC,GAACAA,1878467,False,False
CATCTT,AAGATG,2254623,False,False
ATCTTC,GAAGAT,1753995,False,False
CTTCTG,CAGAAG,2573745,False,False
TTCTGG,CCAGAA,2366361,False,False
TCTGGC,GCCAGA,1484708,False,False
TGTTGT,ACAACA,2128542,False,False
TTGTCT,AGACAA,2258631,False,False
ATGTAA,TTACAT,2446205,False,False
TGTAAC,GTTACA,1209697,False,False
GTAACT,AGTTAC,1077643,False,False
AACTTA,TAAGTT,1735665,False,False
ACTTAA,TTAAGT,1968768,False,False
CTTAAT,ATTAAG,1785615,True,False
TTAATA,TATTAA,3001134,True,True
TAATAC,GTATTA,1415532,False,False
AATACC,GGTATT,1314505,True,True
ATACCA,TGGTAT,1499666,False,False
CACAAC,GTTGTG,1136847,False,False
ACAACC,GGTTGT,1043925,False,False
CAACCA,TGGTTG,1312499,False,False
AACCAG,CTGGTT,1537773,False,False
ACCAGG,CCTGGT,1443498,False,False
GGCATA,TATGCC,945354,False,False
GCATAG,CTATGC,870001,False,False
CATAGG,CCTATG,1008789,False,False
AGGGGA,TCCCCT,1761450,True,False
GGGGAA,TTCCCC,1856297,True,False
AAAGAT,ATCTTT,3001466,False,True
AAGATT,AATCTT,2251183,True,True
GATTGG,CCAATC,912996,True,True
ATTGGA,TCCAAT,1437134,True,False
GGAGGA,TCCTCC,2379200,True,False
GAGGAA,TTCCTC,2533235,True,False
GATGAG,CTCATC,1533621,False,True
ATGAGT,ACTCAT,1599233,False,False
TGAGTG,CACTCA,1670426,False,False
GAGTGA,TCACTC,1771230,False,False
AGTGAG,CTCACT,2843891,False,False
GTGAGA,TCTCAC,2060451,False,False
ATCAAC,GTTGAT,1143898,False,False
TCAACT,AGTTGA,1457345,False,False
CAACTT,AAGTTG,1612539,False,False
AACTTC,GAAGTT,1743070,False,False
ACTTCT,AGAAGT,2185105,False,False
CTTCTC,GAGAAG,2425348,False,False
TTCTCT,AGAGAA,3928123,False,False
TCTCTC,GAGAGA,3099427,False,False
CTCACA,TGTGAG,2098692,False,False
CAACCT,AGGTTG,1810384,False,False
ACCTAG,CTAGGT,978744,False,False
CCTAGG,CCTAGG,591167,False,False
TAGGCC,GGCCTA,699933,False,False
GTAAGT,ACTTAC,1129793,False,False
TAAGTA,TACTTA,1574996,False,False
AAGTAG,CTACTT,1700255,False,False
AGTAGT,ACTACT,1122130,False,False
GTGCTT,AAGCAC,1354145,False,False
GCTTGT,ACAAGC,1121016,False,False
CTTGTG,CACAAG,1484198,False,False
TTGTGC,GCACAA,1269654,False,False
GCTCAT,ATGAGC,1406083,False,False
CATCTC,GAGATG,2290801,False,False
CTCCTT,AAGGAG,2298908,True,False
TCCTTG,CAAGGA,1900139,False,False
CCTTGG,CCAAGG,1746531,True,False
CTTGGC,GCCAAG,1780950,False,False
TTGGCT,AGCCAA,2048719,False,False
TGGCTG,CAGCCA,2246475,False,False
GGCTGT,ACAGCC,1433789,False,False
TGTGAT,ATCACA,2187680,False,False
GTGATA,TATCAC,1220024,False,False
GATACG,CGTATC,148643,False,False
ATACGT,ACGTAT,319364,False,False
TACGTG,CACGTA,288893,False,False
ACGTGG,CCACGT,423292,False,False
CTCGCT,AGCGAG,422883,False,False
TCGCTC,GAGCGA,347217,False,False
CGCTCC,GGAGCG,258280,False,False
AGCAGC,GCTGCT,1747146,False,False
TGGACC,GGTCCA,771628,False,False
GACCCC,GGGGTC,835104,True,False
CTACCT,AGGTAG,1224750,False,False
TACCTG,CAGGTA,1328469,False,False
CCTGCC,GGCAGG,2765491,False,False
CGTCTG,CAGACG,302355,False,False
TCTGCT,AGCAGA,2265170,False,False
TGCCAT,ATGGCA,1915757,False,False
GCCATC,GATGGC,1093385,False,False
CCATCG,CGATGG,211910,False,False
CATCGG,CCGATG,148437,False,True
ATCGGA,TCCGAT,122002,True,True
TCGGAG,CTCCGA,204945,False,False
CCAAAG,CTTTGG,2654489,True,True
CAAAGC,GCTTTG,1742669,False,False
GTGACT,AGTCAC,1269189,False,False
CTGCTC,GAGCAG,1727970,False,False
CTCAGA,TCTGAG,2148169,False,False
GACCAG,CTGGTC,1566535,False,False
GAGGGA,TCCCTC,2010740,True,False
AGGGAG,CTCCCT,2375609,True,False
GAGGGG,CCCCTC,1489883,True,False
GGGGCT,AGCCCC,1290816,True,False
GGCTCA,TGAGCC,2640577,False,False
AGGTCT,AGACCT,1324095,False,False
CTGGCT,AGCCAG,2404240,False,False
TGGCTT,AAGCCA,2168769,False,False
TTTGGC,GCCAAA,1627840,False,True
TTGGCC,GGCCAA,1763166,False,True
CTGGGA,TCCCAG,3793899,True,False
TGGGAG,CTCCCA,3585067,True,False
GGGAGA,TCTCCC,2183998,True,False
GGAAGA,TCTTCC,2556644,False,False
AAGATC,GATCTT,1456514,False,False
AGATCA,TGATCT,2014674,False,False
GATCAG,CTGATC,1023351,False,False
ATCAGG,CCTGAT,1301576,False,True
TCAGGC,GCCTGA,1452995,False,False
AGGCAG,CTGCCT,3500451,False,False
CATCGC,GCGATG,178282,False,False
ATCGCT,AGCGAT,380027,False,False
TCGCTG,CAGCGA,269606,False,False
CGCTGC,GCAGCG,313930,False,False
GCCACA,TGTGGC,1572516,False,False
GAACCC,GGGTTC,1174164,False,False
CCCAGT,ACTGGG,1686751,False,False
GTGGAT,ATCCAC,1369804,False,False
GGATTG,CAATCC,1058899,True,False
ATTGGC,GCCAAT,1019450,False,True
TAGGTG,CACCTA,1088670,False,False
GGATCT,AGATCC,1009109,False,False
GATCTC,GAGATC,1440191,False,True
ATCTCT,AGAGAT,2556295,False,False
TGAGCT,AGCTCA,1902671,False,False
GAGCTC,GAGCTC,595454,False,False
CAACAA,TTGTTG,2261402,False,False
AACAAG,CTTGTT,1943495,False,False
CTCTGG,CCAGAG,2036001,False,False
TGGGTG,CACCCA,2180361,False,False
TGGTAG,CTACCA,1239854,False,False
GTAGGT,ACCTAC,867024,False,False
AGGTGC,GCACCT,1254812,False,False
CGGGAG,CTCCCG,796859,True,False
GGGCAG,CTGCCC,1925452,False,False
GGCAGA,TCTGCC,2362637,False,False
CAGAGC,GCTCTG,2083461,False,False
GAGCCG,CGGCTC,502159,False,False
AGCCGC,GCGGCT,243319,False,False
GCCGCA,TGCGGC,208950,False,False
CCGCAG,CTGCGG,308013,False,False
AGGCAC,GTGCCT,1526069,False,False
CCAAGA,TCTTGG,2011001,False,True
GCTGAA,TTCAGC,1750349,False,False
GAAGAA,TTCTTC,3345433,False,False
AGAAAT,ATTTCT,4569372,True,False
GAAATG,CATTTC,2860107,False,True
GAACGG,CCGTTC,169850,False,False
AACGGA,TCCGTT,223549,True,False
ACGGAG,CTCCGT,419762,False,False
GGTGAT,ATCACC,1428150,False,True
GTGATG,CATCAC,1572297,False,False
TGATGT,ACATCA,1813150,False,False
GATGTG,CACATC,1477435,False,False
TGTGTG,CACACA,4264708,False,False
GTGTGG,CCACAC,1696663,False,False
TGTGGG,CCCACA,1814038,False,False
CAGGCT,AGCCTG,3111746,False,False
AGGCTC,GAGCCT,1293029,False,False
CCTGTC,GACAGG,1672730,False,False
GTCTCC,GGAGAC,1367493,False,False
CCAGGT,ACCTGG,1879046,False,False
GGTGTG,CACACC,1881085,False,False
GATGCC,GGCATC,938725,False,True
ATGCCA,TGGCAT,1804781,False,False
GCATGC,GCATGC,545908,False,False
ATGCCC,GGGCAT,1235195,False,False
GCCCTT,AAGGGC,1148455,False,False
CCCTTC,GAAGGG,1712826,True,False
CCTTCC,GGAAGG,2359249,False,False
TCCAGA,TCTGGA,2055275,False,False
AGAGCT,AGCTCT,1820150,False,False
AAGACG,CGTCTT,279048,False,False
AGACGA,TCGTCT,256732,False,False
GACGAC,GTCGTC,107748,False,False
ACGACG,CGTCGT,39549,False,False
CGACGG,CCGTCG,44969,False,False
ACGGCC,GGCCGT,188302,False,False
CGGCCG,CGGCCG,89066,False,False
GGCCGA,TCGGCC,474192,False,False
GCCGAC,GTCGGC,119103,False,False
CCGACT,AGTCGG,158159,False,False
GACTTG,CAAGTC,1155658,False,False
ACTTGG,CCAAGT,1646923,False,False
CTTGGA,TCCAAG,1630261,False,True
TGGATC,GATCCA,1187134,False,False
GGATCA,TGATCC,1461741,False,True
GATCAC,GTGATC,1558525,False,False
TCACAC,GTGTGA,1746808,False,False
CACACT,AGTGTG,1697007,False,False
ACACTC,GAGTGT,1168731,False,False
ACTCTT,AAGAGT,1812825,False,False
TCTTGT,ACAAGA,2002687,False,False
GAGGTG,CACCTC,1939884,False,False
GGTGAG,CTCACC,1507901,True,False
GAGAGT,ACTCTC,1315710,False,False
GAGTAG,CTACTC,1382442,False,False
GACAGT,ACTGTC,1215542,False,False
ACAGTG,CACTGT,2180787,False,False
CAGTGA,TCACTG,2770140,False,False
GGGAGT,ACTCCC,1202600,True,False
TGGCGT,ACGCCA,361390,False,False
GGCGTC,GACGCC,158580,False,False
CGTCGC,GCGACG,45076,False,False
TCGCCC,GGGCGA,333318,False,False
GCTCTA,TAGAGC,856981,False,False
CTCTAC,GTAGAG,1696163,False,False
TCTACG,CGTAGA,164965,False,False
ACGGGG,CCCCGT,473513,True,False
GAGGCT,AGCCTC,2655361,False,False
GCTTCG,CGAAGC,170097,False,False
CTTCGA,TCGAAG,174273,False,False
TTCGAT,ATCGAA,178743,True,True
TCGATG,CATCGA,172965,False,False
CGATGC,GCATCG,151524,False,False
TTGATC,GATCAA,1150921,False,False
TCCCTG,CAGGGA,2207848,True,False
GATGTC,GACATC,918370,False,False
ATGTCA,TGACAT,1786402,False,False
TGTCAT,ATGACA,1939379,False,False
GTCATC,GATGAC,990650,False,False
ATCTGG,CCAGAT,1476326,False,True
CTGCTT,AAGCAG,2260094,False,False
TTGCGG,CCGCAA,185100,False,False
TGCGGT,ACCGCA,291922,False,False
GCCTAT,ATAGGC,900538,False,False
TATAAA,TTTATA,4149237,True,False
ATAAAG,CTTTAT,2823448,True,False
TAAAGC,GCTTTA,1441610,False,False
CCTCCT,AGGAGG,2927218,False,False
TAGTCT,AGACTA,1197888,False,False
CAAGGC,GCCTTG,1438481,False,False
AGGCCT,AGGCCT,800636,False,False
AGAGTC,GACTCT,1336825,False,False
AGTCTT,AAGACT,1948520,False,False
GTCTTT,AAAGAC,2319438,False,False
TTCCCA,TGGGAA,2572485,True,False
GAAAGC,GCTTTC,1575399,False,False
AAAGCT,AGCTTT,2178966,False,False
AAGCTA,TAGCTT,1369566,False,False
AGCTAC,GTAGCT,1642859,False,False
GCTACA,TGTAGC,997833,False,False
CTACAA,TTGTAG,1676601,False,False
TACAAG,CTTGTA,1362612,False,False
GCAAAC,GTTTGC,1234315,False,False
ACAGTC,GACTGT,1169735,False,False
CATGGG,CCCATG,1404394,False,False
ATGGGT,ACCCAT,1220385,False,False
TGGGTC,GACCCA,1078635,False,False
GGGTCA,TGACCC,1009785,False,False
GGTCAT,ATGACC,985728,False,False
TCATCC,GGATGA,1416167,False,True
ATCCCC,GGGGAT,1008487,True,False
TTCACT,AGTGAA,2330248,False,False
CCCAAG,CTTGGG,1780009,False,False
CAAGAA,TTCTTG,2511563,False,False
TCTGGT,ACCAGA,1487232,False,True
AACCTG,CAGGTT,1671338,False,False
GTGCAT,ATGCAC,1242110,False,False
GCATGA,TCATGC,1565073,False,False
CTGTCA,TGACAG,1887563,False,False
TGTCAA,TTGACA,1593621,False,False
GTCAAC,GTTGAC,678966,False,False
TCAACC,GGTTGA,991044,False,False
ACCAGT,ACTGGT,1146093,False,False
CAGTCC,GGACTG,1100409,False,False
AGTCCA,TGGACT,1291313,False,False
GTCCAT,ATGGAC,1037209,True,False
TCCATA,TATGGA,1412392,False,False
CCATAG,CTATGG,933484,False,False
AGGCAA,TTGCCT,1960833,False,False
TGCCTC,GAGGCA,2675680,False,False
GGGTCG,CGACCC,140387,False,False
GTCGAC,GTCGAC,30935,False,False
TCGACA,TGTCGA,141124,False,False
CGACAG,CTGTCG,313879,False,False
GACAGA,TCTGTC,2446043,False,False
AGAAGG,CCTTCT,2411082,False,False
GAAAGT,ACTTTC,1932226,False,False
AAGTGA,TCACTT,2563911,False,False
GTGAGG,CCTCAC,1535929,False,False
GGTTGC,GCAACC,1166223,False,False
TCCTAC,GTAGGA,977395,False,False
TGAGGC,GCCTCA,2403557,False,False
AGGAAG,CTTCCT,3226422,False,False
GAAGGA,TCCTTC,2508865,True,False
GGATGC,GCATCC,926918,False,False
GATGCA,TGCATC,1214825,False,False
TGCACT,AGTGCA,1938120,False,False
AGCTGT,ACAGCT,1696639,False,False
GCTGTA,TACAGC,1095159,False,False
CTGTAA,TTACAG,2865530,False,False
TAACTC,GAGTTA,1126772,False,False
ACTCAA,TTGAGT,1634887,False,False
GCCTTA,TAAGGC,884182,False,False
CCTTAG,CTAAGG,1001644,False,True
TAGCCT,AGGCTA,1146769,False,False
CTCTGT,ACAGAG,3146338,False,False
GTTCCC,GGGAAC,1023640,True,False
CCCACG,CGTGGG,365225,False,False
CCACGA,TCGTGG,260665,False,False
CACGAA,TTCGTG,245858,False,False
ACGAAG,CTTCGT,248269,False,False
CGAAGG,CCTTCG,218365,False,False
AAGGCA,TGCCTT,2233444,False,False
GGCACC,GGTGCC,1027159,False,False
GCACCA,TGGTGC,1355281,False,False
CACCAA,TTGGTG,1624511,False,False
AAAGGG,CCCTTT,2007761,True,False
AAGGGA,TCCCTT,2185057,True,True
AGGGAT,ATCCCT,1496542,True,True
CATAGT,ACTATG,1327152,False,False
GGACCA,TGGTCC,907658,False,False
CGGCAC,GTGCCG,203835,False,False
CTGTCC,GGACAG,1396989,False,False
TGGACA,TGTCCA,1604054,False,False
CACGCT,AGCGTG,300530,False,False
ACGCTG,CAGCGT,296210,False,False
CGCTGT,ACAGCG,264604,False,False
GTTGGC,GCCAAC,1107702,False,False
CTGGAT,ATCCAG,1684332,False,False
GATCTG,CAGATC,1265392,False,False
ATCTGA,TCAGAT,1851394,False,False
GGAGGT,ACCTCC,1879881,True,False
AGCCAC,GTGGCT,2184840,False,False
ACCTTT,AAAGGT,1758784,True,True
TTGGTT,AACCAA,2048558,True,True
TGGTTC,GAACCA,1318257,False,False
CTGTGT,ACACAG,2459477,False,False
AAGTTC,GAACTT,1573937,False,False
CCCGAG,CTCGGG,504093,False,False
CCGAGA,TCTCGG,512636,False,False
TCACAT,ATGTGA,2135940,False,False
CACATT,AATGTG,2355684,False,False
ACATTT,AAATGT,4196711,False,False
TTTTGT,ACAAAA,5608435,False,False
TTTGTC,GACAAA,2201219,False,False
TGCCCA,TGGGCA,2422913,False,False
CCAGTT,AACTGG,1619525,False,False
CAGTTT,AAACTG,2636023,False,False
GTTTCA,TGAAAC,2432213,False,False
TTTCAC,GTGAAA,2719307,False,False
GAAGTA,TACTTC,1351759,False,False
AGTAGG,CCTACT,1064339,False,False
GGCCTC,GAGGCC,1920080,False,False
TCCTGA,TCAGGA,2790450,False,False
CCTGAC,GTCAGG,1767539,False,False
CTGACA,TGTCAG,1601074,False,False
CCGCTG,CAGCGG,297811,False,False
GACGGT,ACCGTC,151715,False,False
GTTTGT,ACAAAC,2188150,False,False
TTGTCA,TGACAA,1875732,False,False
GTCATG,CATGAC,1087838,False,False
TCATGG,CCATGA,1609894,False,False
GGATCC,GGATCC,361198,True,True
GATCCT,AGGATC,1128567,False,False
ATCCTG,CAGGAT,1740306,False,False
CTGCTA,TAGCAG,1267368,False,False
TACAAA,TTTGTA,3597653,False,False
GAAACC,GGTTTC,1885920,True,False
GAGTCC,GGACTC,878463,False,False
GCATTA,TAATGC,1213127,False,False
CATTAG,CTAATG,1293890,False,False
CCCGTT,AACGGG,195797,False,False
CGTTGG,CCAACG,197258,False,False
AAAACA,TGTTTT,5537424,False,False
GGGAAT,ATTCCC,1438374,True,False
TCCCGA,TCGGGA,442938,True,True
CCCGAA,TTCGGG,201811,True,False
CCGAAG,CTTCGG,220363,False,False
CGAAGA,TCTTCG,219194,False,False
GTGGGT,ACCCAC,1325752,False,False
CATCCG,CGGATG,181966,False,False
ATCCGT,ACGGAT,170872,False,False
TCCGTG,CACGGA,282069,False,False
TGAGAT,ATCTCA,2656665,False,True
AGATCT,AGATCT,770795,False,False
GCTCCC,GGGAGC,1156959,False,False
TGGAAT,ATTCCA,2363614,True,False
TGTCTT,AAGACA,2803416,False,False
TTCCAT,ATGGAA,2729048,False,False
TCCATC,GATGGA,1853893,True,False
CATCCT,AGGATG,1888780,False,False
TGCGTG,CACGCA,332528,False,False
GCCGAG,CTCGGC,780298,False,False
CCGAGG,CCTCGG,579392,False,False
GCTTCT,AGAAGC,1821355,False,False
CATTTG,CAAATG,2616737,False,False
ACCTTC,GAAGGT,1284256,False,False
TTAGAA,TTCTAA,2623747,True,False
TAGAAG,CTTCTA,1770058,False,False
GAAGCG,CGCTTC,223332,False,False
AAGCGA,TCGCTT,415057,False,False
GCGAGA,TCTCGC,360197,False,False
CGAGAC,GTCTCG,625732,False,False
GACGGA,TCCGTC,336633,False,False
CCATCT,AGATGG,2442864,True,True
GCTACT,AGTAGC,1587208,False,False
TACTGC,GCAGTA,1008209,False,False
TTTCTA,TAGAAA,3471347,False,False
TTCTAT,ATAGAA,2505680,False,False
TCTATA,TATAGA,1700231,False,False
ATAATA,TATTAT,3564736,False,True
AATAAC,GTTATT,1959011,False,False
ATAACT,AGTTAT,1678220,False,False
TAACTA,TAGTTA,1311526,False,False
AACTAA,TTAGTT,1915484,False,False
ACTAAA,TTTAGT,2626421,False,False
CTAAAG,CTTTAG,1478452,False,True
TAAAGT,ACTTTA,2202579,False,False
AAAGTT,AACTTT,2768159,False,True
AGTTAG,CTAACT,1122900,False,False
GTTAGC,GCTAAC,730191,False,False
TTAGCT,AGCTAA,1645749,False,False
GGACTA,TAGTCC,1014760,False,False
GACTAT,ATAGTC,904257,False,False
ACTATT,AATAGT,1783644,False,False
CTATTC,GAATAG,1401788,False,False
TATTCA,TGAATA,2535141,False,False
TCACCC,GGGTGA,1439922,True,False
AGTCTC,GAGACT,1823134,False,False
CTCAAT,ATTGAG,1524652,False,True
TCAATT,AATTGA,2091645,True,True
CAATTT,AAATTG,2749093,True,True
TTTAAG,CTTAAA,2651984,True,True
TTAAGA,TCTTAA,2265958,True,True
CCCCAT,ATGGGG,1703435,True,False
CCATGG,CCATGG,751788,False,False
CTTGTC,GACAAG,1247413,False,False
TGTCAC,GTGACA,1604577,False,False
GTCACC,GGTGAC,1166240,False,False
CCCCAC,GTGGGG,1714504,False,False
CTGAGT,ACTCAG,1922952,False,False
TGAGTC,GACTCA,1233505,False,False
GAGTCA,TGACTC,1273501,False,False
TCTATC,GATAGA,1304962,False,False
CTATCT,AGATAG,1431163,False,False
TATCTC,GAGATA,1627952,False,False
GCTTGG,CCAAGC,1192558,False,False
CTTGGT,ACCAAG,1405792,False,False
AGTTCC,GGAACT,1293453,False,False
AGTCGA,TCGACT,131543,False,False
AACCAC,GTGGTT,1424282,False,False
CCACTT,AAGTGG,1719648,False,False
CACTTG,CAAGTG,1787765,False,False
ACTTGA,TCAAGT,1896042,False,False
CAAACT,AGTTTG,2219148,False,True
ACATCT,AGATGT,1831323,False,False
TACCCC,GGGGTA,652488,True,False
ACACCA,TGGTGT,1757994,False,False
GCAATT,AATTGC,1517956,False,False
CAATTG,CAATTG,547072,False,False
ATTGTG,CACAAT,1937297,False,False
TGCCAA,TTGGCA,1559615,False,False
CCATTA,TAATGG,1429539,False,True
ATTAGG,CCTAAT,1279035,False,True
TTAGGC,GCCTAA,830440,False,False
TGACTA,TAGTCA,1127624,False,False
CTATTT,AAATAG,2850121,False,False
TTTTAG,CTAAAA,3457152,False,True
TTTAGA,TCTAAA,2434452,False,False
TAGAGA,TCTCTA,2617273,False,False
GTCACT,AGTGAC,1248125,False,False
ACTGAA,TTCAGT,2333850,False,False
CTGAAA,TTTCAG,3024886,True,False
AAACCT,AGGTTT,2034957,True,False
AACCTT,AAGGTT,1467410,True,True
CTTTTT,AAAAAG,5504095,False,False
TATTCC,GGAATA,1632116,False,False
TCTCAT,ATGAGA,2437268,False,False
GAGCTT,AAGCTC,1342404,False,False
AGCTTC,GAAGCT,1614902,False,False
GGGACC,GGTCCC,842029,False,False
ACCAAC,GTTGGT,1157722,False,False
ACTGAC,GTCAGT,1065755,False,False
AGACGT,ACGTCT,271126,False,False
GACGTT,AACGTC,190351,False,False
ACGTTT,AAACGT,422028,False,False
CGTTTG,CAAACG,261074,False,False
TTGCAT,ATGCAA,1992465,False,False
GCTAGA,TCTAGC,942224,False,False
ATCCTT,AAGGAT,1837415,True,True
CCTTTA,TAAAGG,1720343,True,False
AAAGCA,TGCTTT,3146696,False,False
GCACAC,GTGTGC,1265322,False,False
TGGTTT,AAACCA,2698917,True,True
GTTCTT,AAGAAC,1956857,True,False
TCTTTA,TAAAGA,2964466,True,False
TTATTG,CAATAA,2396956,False,False
TATTGA,TCAATA,1993675,False,False
ATTGAT,ATCAAT,1864313,False,True
TTGATT,AATCAA,2511656,False,True
TGATTG,CAATCA,1506418,False,False
ATTGGT,ACCAAT,1309992,False,True
CCGTTT,AAACGG,285451,True,False
CGTTTT,AAAACG,465940,False,True
GGAAGC,GCTTCC,1556975,False,False
CTTAAG,CTTAAG,640900,True,False
GAACAC,GTGTTC,1211403,False,False
AGCCGT,ACGGCT,202098,False,False
CCGTCC,GGACGG,220375,False,False
CGTCCC,GGGACG,229961,True,False
CATGGA,TCCATG,1878972,False,False
ATGGAG,CTCCAT,2037656,False,False
AAGTCC,GGACTT,1207557,True,False
AGTCCC,GGGACT,1369359,True,False
TCCCCG,CGGGGA,343671,True,False
CCTCAA,TTGAGG,1854854,True,False
TCAAGC,GCTTGA,1504444,False,False
CTTCCG,CGGAAG,264396,False,True
TTCCGC,GCGGAA,169700,False,False
TCCGCT,AGCGGA,198198,False,False
CCGCTC,GAGCGG,228704,False,False
CTTGAA,TTCAAG,2692967,True,False
TTGAAG,CTTCAA,2037786,False,False
GGTTCC,GGAACC,888137,False,False
GTTCCG,CGGAAC,130206,False,False
TTCCGT,ACGGAA,262758,False,False
TCCCAA,TTGGGA,2738471,True,True
TAGGTC,GACCTA,710801,False,False
CATGTC,GACATG,1369011,False,False
GTGTCA,TGACAC,1188954,False,False
CTACGA,TCGTAG,134748,False,False
TACGAT,ATCGTA,164230,False,False
ACGATT,AATCGT,206275,False,False
CGATTC,GAATCG,332275,False,False
CAGTCG,CGACTG,154980,False,False
AGTCGT,ACGACT,145023,False,False
TCGTCC,GGACGA,150271,False,False
CGTCCT,AGGACG,238467,True,False
TCCTCG,CGAGGA,276317,False,False
CCTCGT,ACGAGG,367890,False,False
CTCGTC,GACGAG,211737,False,False
GCGGCA,TGCCGC,223074,False,False
CGCGGG,CCCGCG,129382,False,False
CCTCCG,CGGAGG,470091,True,False
AGGTCC,GGACCT,849670,False,False
AGATGC,GCATCT,1342644,False,False
GACTTA,TAAGTC,1007892,False,False
GAATTA,TAATTC,1891839,False,True
AATTAC,GTAATT,1836331,False,False
ATTACA,TGTAAT,3118650,False,False
TTACAA,TTGTAA,2217897,False,False
ACAAGG,CCTTGT,1528880,False,False
AGCGGC,GCCGCT,215789,False,False
GCGGCC,GGCCGC,263762,False,False
ACCCTT,AAGGGT,1154580,True,False
CCTCAT,ATGAGG,1739473,False,False
CTCATG,CATGAG,1904305,False,False
TCATGA,TCATGA,968724,False,False
TGACCA,TGGTCA,1371347,False,False
GTTGAA,TTCAAC,1628741,False,False
GATCCG,CGGATC,250088,False,False
TCCGAC,GTCGGA,103138,False,False
CCGACA,TGTCGG,154804,False,False
CGACAT,ATGTCG,151498,False,False
AAGTGC,GCACTT,1841394,False,False
GGCTCG,CGAGCC,211787,False,False
GCTCGT,ACGAGC,148137,False,False
CTCGTG,CACGAG,387870,False,False
AGAGTT,AACTCT,1904589,False,False
GAGTTC,GAACTC,1585801,False,True
GTTCAG,CTGAAC,1247489,False,False
TCAGTC,GACTGA,1246425,False,False
CATGCG,CGCATG,235587,False,False
ATGCGA,TCGCAT,145620,False,False
GCGACC,GGTCGC,105790,False,False
GACCGG,CCGGTC,137501,False,False
ACCGGT,ACCGGT,52967,False,False
CGGTGA,TCACCG,317505,False,False
CAGTTA,TAACTG,1404410,False,False
TAGCTC,GAGCTA,1005575,False,False
CCCTGA,TCAGGG,1604628,False,False
GTTTGA,TCAAAC,1752109,False,False
ACCTCG,CGAGGT,431066,False,True
CTGTAC,GTACAG,1046326,False,False
TGTACA,TGTACA,824930,False,False
AATGGG,CCCATT,1776448,True,False
AGCGCT,AGCGCT,108222,False,False
TGGGTA,TACCCA,1368326,False,False
GGTACA,TGTACC,970600,False,False
TCAAAA,TTTTGA,4178620,True,False
CAAAAC,GTTTTG,2600208,False,True
AAAACC,GGTTTT,2537512,True,True
AACCAT,ATGGTT,1631228,False,False
ACCATA,TATGGT,1294212,False,False
ATCGCA,TGCGAT,239130,False,False
CGCATC,GATGCG,153424,False,False
CGTTCA,TGAACG,212487,False,False
CATCAT,ATGATG,1946701,False,False
GTAGCC,GGCTAC,652300,False,False
AATATC,GATATT,2027668,False,True
ATATCT,AGATAT,2163642,False,False
GACCAT,ATGGTC,1018489,False,False
TTGGAC,GTCCAA,922289,True,False
GGACCG,CGGTCC,136168,False,False
ACCGCT,AGCGGT,166963,False,False
CGCTCT,AGAGCG,381690,False,False
GCTCTT,AAGAGC,1583029,False,False
GTCGAA,TTCGAC,107723,False,False
AGCTTA,TAAGCT,1160403,False,False
TATGGC,GCCATA,967664,False,False
CAAACC,GGTTTG,1416830,False,False
CATAGC,GCTATG,974471,False,False
ATAGCC,GGCTAT,851368,False,False
ATGTGC,GCACAT,1562775,False,False
GAAGCA,TGCTTC,1887723,False,False
GTGGAC,GTCCAC,732319,False,False
AGGCGA,TCGCCT,237594,False,False
GGCGAT,ATCGCC,176687,False,False
GCGATC,GATCGC,279801,False,False
CGATCT,AGATCG,443730,False,False
ATCTTG,CAAGAT,1850686,False,False
CGCTCA,TGAGCG,222704,False,False
CTTTCG,CGAAAG,211319,False,False
TTTCGC,GCGAAA,222482,False,False
TTCGCT,AGCGAA,215840,False,False
TGCCGA,TCGGCA,179020,False,False
GCCGAT,ATCGGC,112754,False,False
TTGGCG,CGCCAA,164442,False,False
ACCGGA,TCCGGT,128613,False,False
CACTTC,GAAGTG,1618801,False,False
AAGCTT,AAGCTT,837623,False,False
TGCGCT,AGCGCA,192994,False,False
AGGCCG,CGGCCT,611652,False,False
CCGGAC,GTCCGG,148697,False,False
CGGACC,GGTCCG,118650,False,False
GACCTT,AAGGTC,1133053,False,False
GAGCGC,GCGCTC,185068,False,False
CAGATA,TATCTG,1682023,False,False
AGATAC,GTATCT,1294582,False,False
GATACT,AGTATC,951850,False,False
ATACTC,GAGTAT,960242,False,False
TACTCC,GGAGTA,906162,False,False
CTAGCC,GGCTAG,802557,False,False
TAGCCA,TGGCTA,1660409,False,False
ACACGA,TCGTGT,234347,False,False
TGGATG,CATCCA,1686870,False,False
GGTTAC,GTAACC,643719,False,False
TTACAC,GTGTAA,1162078,False,False
TACACT,AGTGTA,1247445,False,False
TGAAAT,ATTTCA,3608823,False,False
AAATGA,TCATTT,4181455,False,True
AATGAA,TTCATT,3830505,True,False
ATGAAA,TTTCAT,3844849,False,False
TGAAAA,TTTTCA,4547294,True,True
TTTGTT,AACAAA,5094794,False,False
TTGTTA,TAACAA,2154698,False,False
TGTTAT,ATAACA,2133754,False,False
ATTAGA,TCTAAT,1847200,False,False
TAGACC,GGTCTA,686226,False,False
TCCATT,AATGGA,2436559,True,False
CATTGG,CCAATG,1163362,False,False
TAATTA,TAATTA,1388739,False,True
AATTAG,CTAATT,2517797,True,True
GAATGG,CCATTC,1808031,False,False
ACTTGT,ACAAGT,1385135,False,False
TTCAGG,CCTGAA,1970344,True,False
CTAGAA,TTCTAG,1942815,False,False
TCTACA,TGTAGA,1684784,False,False
TTTGAA,TTCAAA,3617092,True,False
TTGAAA,TTTCAA,3485035,True,True
ATTTTA,TAAAAT,5820095,True,False
TTTTAT,ATAAAA,6274339,True,True
TTTATG,CATAAA,2770454,False,False
TTATGA,TCATAA,1949851,False,True
TATGAA,TTCATA,2340143,False,True
TGAACC,GGTTCA,1590104,False,True
CAAGTA,TACTTG,1482693,False,False
AAGATA,TATCTT,2305385,False,False
ATTTGA,TCAAAT,2798276,True,True
AACTAT,ATAGTT,1775429,False,False
ATTCAA,TTGAAT,2627260,True,True
AAAATT,AATTTT,6546634,True,True
GAATTT,AAATTC,2828566,True,True
CACTTA,TAAGTG,1530372,False,False
CTTAAC,GTTAAG,1042166,True,False
TTAACA,TGTTAA,2152368,False,False
GAAAAT,ATTTTC,4198342,True,True
ACCCGA,TCGGGT,177553,False,False
CCGAGT,ACTCGG,406629,False,False
CGAGTG,CACTCG,207965,False,False
GAGTGC,GCACTC,1454716,False,False
AAAGAG,CTCTTT,3238091,True,False
TGTCGT,ACGACA,189653,False,False
CCTACA,TGTAGG,1121872,False,False
CCGCGG,CCGCGG,65497,False,False
GCGGTT,AACCGC,142033,False,False
CGGTTG,CAACCG,135141,False,False
GTGTTA,TAACAC,1231285,False,False
GTTAGT,ACTAAC,837503,False,False
TTAGTA,TACTAA,1894836,False,False
TAGTAC,GTACTA,691609,False,False
ACACAA,TTGTGT,2257327,False,False
TACCTT,AAGGTA,1402647,False,True
GCTCGG,CCGAGC,225425,False,False
TCGGCT,AGCCGA,469838,False,False
CGGCTA,TAGCCG,277903,False,False
TACCTC,GAGGTA,1068990,False,False
CAATGC,GCATTG,1081048,False,False
ATGCCG,CGGCAT,176930,False,False
AGGTCG,CGACCT,203989,False,False
GGTCGG,CCGACC,175834,False,False
AATGTA,TACATT,2546456,False,False
ATGTAC,GTACAT,1241122,False,False
GGTCGT,ACGACC,113586,False,False
GTCGTT,AACGAC,135309,False,False
TCGTTG,CAACGA,185089,False,False
TAGGAT,ATCCTA,1248351,False,True
TGGAAC,GTTCCA,1367182,False,False
GAACAT,ATGTTC,1722894,False,False
AACATC,GATGTT,1578649,False,False
TCAATC,GATTGA,1046831,False,True
CACATA,TATGTG,2090809,False,False
ACATAG,CTATGT,1577317,False,False
CATAGA,TCTATG,1420721,False,False
TAGTTC,GAACTA,1155812,False,False
TGGGAC,GTCCCA,1477664,True,False
AGATTA,TAATCT,1799112,True,True
GATTAG,CTAATC,896176,False,False
ACATGT,ACATGT,1058787,False,False
GAATAA,TTATTC,2388355,True,True
ATAAGG,CCTTAT,1306483,True,True
TAAGGG,CCCTTA,948612,True,False
CTTGAC,GTCAAG,1013623,False,False
TTGACT,AGTCAA,1543328,False,False
GCTGAT,ATCAGC,1204189,False,False
ATCAAA,TTTGAT,2576452,False,True
TGTTAC,GTAACA,1239644,False,False
GACATA,TATGTC,1229387,False,False
ACATAC,GTATGT,1539077,False,False
CATACT,AGTATG,1183550,False,False
ATACTT,AAGTAT,1937444,False,False
TACCTA,TAGGTA,1160977,False,False
GCGACA,TGTCGC,273566,False,False
CATGTT,AACATG,2482243,False,False
CCACAT,ATGTGG,1877774,False,False
GTACCT,AGGTAC,819208,False,False
ACTAAG,CTTAGT,1080408,False,False
TAAGCC,GGCTTA,997664,False,False
TCCCGC,GCGGGA,290257,False,False
CCATAC,GTATGG,774693,False,False
CATACA,TGTATG,1735912,False,False
TTCTCG,CGAGAA,285563,False,False
CTCGGT,ACCGAG,224521,False,False
ATGTTG,CAACAT,2364339,False,False
CATCGT,ACGATG,239788,False,False
ATCGTC,GACGAT,143930,False,False
TCGGGC,GCCCGA,173510,False,False
TCACGC,GCGTGA,600732,False,False
ACGCAC,GTGCGT,217073,False,False
CGCACA,TGTGCG,254550,False,False
AGTCCT,AGGACT,1395661,False,False
GAATAT,ATATTC,2151806,False,True
AATATT,AATATT,2345765,False,True
CAGTAT,ATACTG,1448019,False,False
TATCCA,TGGATA,1577454,False,False
GCTATA,TATAGC,984671,False,False
CTATAT,ATATAG,1632332,False,False
TATATG,CATATA,2346129,False,False
TATGCG,CGCATA,129021,False,False
ATGCGC,GCGCAT,155264,False,False
CGCTCG,CGAGCG,66360,False,False
CGTGAA,TTCACG,369725,False,False
GTACTT,AAGTAC,1098731,False,False
AGGATT,AATCCT,1911728,True,True
AGTTGG,CCAACT,1258179,False,False
TTGGAA,TTCCAA,2492675,True,False
GGCGAG,CTCGCC,264027,False,False
GGTATG,CATACC,844167,False,False
GACTAC,GTAGTC,875641,False,False
ACTACC,GGTAGT,739091,False,False
TGAAGT,ACTTCA,1990370,False,False
CCGATC,GATCGG,101485,False,False
CCTCTA,TAGAGG,1204123,False,False
AGGATA,TATCCT,1478938,False,False
GGATAA,TTATCC,1322253,True,True
GATAAT,ATTATC,1664387,False,True
GTCGAG,CTCGAC,146566,False,False
TCGAGG,CCTCGA,234910,False,False
TTGACG,CGTCAA,148737,False,False
TGCTAT,ATAGCA,1665327,False,False
GCTATC,GATAGC,635009,False,False
GAGGAT,ATCCTC,1581940,True,False
ATTTAC,GTAAAT,2097409,False,True
TTTACA,TGTAAA,2868410,False,False
CATGAT,ATCATG,1856466,False,False
ATGATC,GATCAT,1370337,False,False
TGATCA,TGATCA,731467,False,False
ATCACG,CGTGAT,443785,False,False
CACGTG,CACGTG,276439,False,False
ACGTGC,GCACGT,320535,False,False
GACAAT,ATTGTC,1238713,False,False
GGAACG,CGTTCC,200591,False,False
AGACCG,CGGTCT,194367,False,False
GTGTCG,CGACAC,141594,False,False
TCGTCA,TGACGA,192021,False,False
AATTCA,TGAATT,2794112,True,True
ATTCAG,CTGAAT,2154006,False,False
CGAGTC,GACTCG,155861,False,False
GTCCCG,CGGGAC,182219,False,False
CGACCA,TGGTCG,132257,False,False
GTGCGG,CCGCAC,244488,False,False
TGCGGG,CCCGCA,256165,False,False
TGATAT,ATATCA,1943128,False,False
GATATC,GATATC,430894,False,True
TATCAG,CTGATA,1392206,False,False
TGCATT,AATGCA,2321289,False,False
AACGCC,GGCGTT,158144,False,False
CGCCAT,ATGGCG,380112,False,False
ACATCC,GGATGT,1179661,False,False
CGAGGC,GCCTCG,482154,False,False
ATGCTT,AAGCAT,1910838,False,False
CTTTAA,TTAAAG,2657866,True,True
TTAAGG,CCTTAA,1393014,True,True
ATGCGT,ACGCAT,195408,False,False
TCCACG,CGTGGA,310136,False,False
GCACGA,TCGTGC,244347,False,False
GCGAGC,GCTCGC,159573,False,False
GCGCGA,TCGCGC,113942,False,False
CGCGAC,GTCGCG,36259,False,False
ATGAAT,ATTCAT,2707204,False,True
TAGAAT,ATTCTA,2227541,True,False
CCCAAT,ATTGGG,1054475,True,True
CCAATA,TATTGG,1315223,True,True
ATAAGC,GCTTAT,1159710,False,False
CAACGT,ACGTTG,271356,False,False
AACGTT,AACGTT,162418,False,False
ACGTTA,TAACGT,233017,False,False
CGTTAG,CTAACG,148654,False,False
CCAATT,AATTGG,1429470,True,True
ACAATC,GATTGT,1208185,False,False
TTACTC,GAGTAA,1209972,False,False
TACCAG,CTGGTA,1115345,False,False
GCTTAA,TTAAGC,1133824,True,False
GTATGA,TCATAC,1006078,False,False
GTAAAG,CTTTAC,1369232,False,False
GTCTTA,TAAGAC,1111565,False,False
TAATTG,CAATTA,1766770,True,True
ATTGAC,GTCAAT,1037877,False,False
CTAGTT,AACTAG,1203040,False,False
TCGTTC,GAACGA,183421,False,False
CACGAC,GTCGTG,158451,False,False
TCGGTA,TACCGA,117262,False,False
TGCATA,TATGCA,1638091,False,False
GCATAA,TTATGC,1172623,False,False
CATAAG,CTTATG,1191923,False,False
CATTCG,CGAATG,202285,False,False
ATTCGA,TCGAAT,197867,False,True
TTCGAG,CTCGAA,390518,False,False
TTGCGA,TCGCAA,143898,False,False
TGCGAA,TTCGCA,150084,False,False
GCGAAC,GTTCGC,79844,False,False
CGAACA,TGTTCG,167004,False,False
CAATGA,TCATTG,1862628,False,False
AATGAG,CTCATT,2387235,False,False
ATGGAT,ATCCAT,1777903,False,False
ATTATT,AATAAT,4327036,False,True
TGTAAG,CTTACA,1494953,False,False
ACTTAG,CTAAGT,1174589,False,False
TGCTCG,CGAGCA,197795,False,False
GCTCGA,TCGAGC,135851,False,False
TCGAAA,TTTCGA,210777,False,True
AGCATT,AATGCT,2158682,False,False
GCATTT,AAATGC,2567646,False,False
ATTAGC,GCTAAT,1684482,False,False
TCTCGA,TCGAGA,493576,False,False
CTCGAG,CTCGAG,120278,False,False
TCGAGT,ACTCGA,165364,False,False
AGCTAT,ATAGCT,1377278,False,False
ATAGGA,TCCTAT,1400271,False,False
TTGAAC,GTTCAA,2044524,True,False
TGATTC,GAATCA,1732560,False,True
TGGTTA,TAACCA,1312168,True,False
GGGTAA,TTACCC,926323,True,False
GGTAAG,CTTACC,880300,False,False
TGATCG,CGATCA,163750,False,False
CGAATC,GATTCG,136518,False,False
AACATT,AATGTT,2992332,False,False
CATTTA,TAAATG,3180894,False,True
GTTTTA,TAAAAC,2737913,False,True
AAGCGT,ACGCTT,207918,False,False
AGCGTA,TACGCT,130806,False,False
GCGTAT,ATACGC,129924,False,False
CGTATA,TATACG,196560,False,False
GTATAA,TTATAC,1436127,False,False
AAACTT,AAGTTT,2740186,False,True
TATAAG,CTTATA,1553398,False,False
GCTAAA,TTTAGC,1368994,False,True
ATGTTA,TAACAT,2085780,False,False
GTTAAT,ATTAAC,1497411,False,True
TTAATC,GATTAA,1537596,True,True
TAATCG,CGATTA,141716,False,True
AATCGG,CCGATT,147920,True,False
ATCTTA,TAAGAT,1661559,False,False
CTTAGG,CCTAAG,1049829,True,False
CTTTCA,TGAAAG,2485747,False,False
TTCAAT,ATTGAA,2255807,True,False
GACCGT,ACGGTC,133356,False,False
TGCTAA,TTAGCA,1520720,False,False
GCGTCA,TGACGC,144590,False,False
CGGGTT,AACCCG,348651,False,True
CACTAG,CTAGTG,809381,False,False
ACTAGC,GCTAGT,644932,False,False
CCTATC,GATAGG,772318,False,False
TCGTCG,CGACGA,29901,False,False
CGTTTC,GAAACG,300442,False,False
GAATGT,ACATTC,1795708,False,False
GTCGTA,TACGAC,86303,False,False
TCGTAT,ATACGA,190024,False,False
ACAATA,TATTGT,2124241,False,False
AACACG,CGTGTT,363787,False,False
TGAATC,GATTCA,1467409,False,False
TGAGTA,TACTCA,1553514,False,False
CCGTGG,CCACGG,341890,False,False
CGGAAA,TTTCCG,246353,True,False
CGAGAG,CTCTCG,258699,False,False
CTTCGC,GCGAAG,168645,False,False
TTCGCG,CGCGAA,30499,False,False
ACCACG,CGTGGT,550985,False,False
CACGTT,AACGTG,367917,False,False
ACGTTC,GAACGT,220796,False,False
CATATC,GATATG,1165442,False,False
ATATCC,GGATAT,1315932,False,False
CAACTA,TAGTTG,1050776,False,False
TATTTC,GAAATA,3458661,False,True
CTCGCA,TGCGAG,169498,False,False
TCGCAG,CTGCGA,198316,False,False
TTAGTC,GACTAA,971667,False,False
GTCATA,TATGAC,1001458,False,False
TCATAG,CTATGA,1350331,False,False
CATTAA,TTAATG,2122923,False,True
ATTAAT,ATTAAT,1455616,True,True
GGATAG,CTATCC,805360,False,False
ATAGAC,GTCTAT,1072763,False,False
TTGCTA,TAGCAA,1548557,False,False
CCTTAC,GTAAGG,831686,False,False
GGTTAA,TTAACC,1035919,True,True
TCTTAC,GTAAGA,1277344,False,False
TTACCG,CGGTAA,138463,False,False
ACCGAT,ATCGGT,120859,False,False
CGATTT,AAATCG,269083,False,True
TCTAGA,TCTAGA,799499,False,False
CGGTTC,GAACCG,155322,False,False
TAGGAC,GTCCTA,741512,False,False
ACATAA,TTATGT,2326807,False,False
CATAAT,ATTATG,1949383,False,False
ATAATT,AATTAT,3577639,False,True
TTGGTA,TACCAA,1377188,False,False
TAAGGT,ACCTTA,1085485,False,False
CATGGT,ACCATG,2116043,False,False
TCAATG,CATTGA,1550498,False,False
TTCCGA,TCGGAA,179485,False,False
TCCGAG,CTCGGA,215170,False,False
CCATAA,TTATGG,1421928,False,False
TAGCAC,GTGCTA,933177,False,False
AGATAA,TTATCT,2400689,False,False
GATAAG,CTTATC,1061299,False,False
GTTACT,AGTAAC,1081520,False,False
TTACTA,TAGTAA,1488196,False,False
TACTAT,ATAGTA,1543585,False,False
CTATTG,CAATAG,1236734,False,False
GTTTAT,ATAAAC,2175062,False,False
GTGTAC,GTACAC,708984,False,False
TGTACG,CGTACA,153826,False,False
GTACGG,CCGTAC,85706,False,False
TTATCA,TGATAA,1994279,False,True
TATCAA,TTGATA,1699738,False,False
TAATAT,ATATTA,3062495,False,False
CATTAT,ATAATG,2206894,False,False
TATTAC,GTAATA,1429727,False,False
ACAACT,AGTTGT,1415556,False,False
AGGTAA,TTACCT,1541908,False,False
GGTAAC,GTTACC,663895,False,False
AACTCG,CGAGTT,207748,False,False
CGACAA,TTGTCG,152176,False,False
TTTACC,GGTAAA,1439508,False,False
TTAGAT,ATCTAA,1584498,False,True
TAGATA,TATCTA,1674718,False,False
GATAAA,TTTATC,2332509,True,True
CAATAC,GTATTG,1001014,False,False
ATACAA,TTGTAT,2867666,False,False
AGCTCG,CGAGCT,193044,False,False
ATGACG,CGTCAT,214272,False,False
ATAACC,GGTTAT,965824,False,False
TACATA,TATGTA,2362728,False,False
CATAAC,GTTATG,959449,False,False
GATCTA,TAGATC,847034,False,False
ATCTAT,ATAGAT,1841243,False,False
CATCTA,TAGATG,1397915,False,False
ACGGTT,AACCGT,174390,False,False
CGGTTT,AAACCG,239837,True,False
TTATAT,ATATAA,3473159,False,True
ATATGA,TCATAT,2098309,False,False
AATAGA,TCTATT,2461433,False,False
TATTGC,GCAATA,1262211,False,False
AGGTAT,ATACCT,1375218,False,True
TATCCG,CGGATA,109031,False,False
GATATA,TATATC,1527477,False,False
ATATAT,ATATAT,3044904,False,True
TATATA,TATATA,2772997,False,False
ATAGAG,CTCTAT,1467661,False,False
AATAGG,CCTATT,1383798,False,False
TCGGAC,GTCCGA,96922,True,False
CGGACT,AGTCCG,144858,False,False
TCGCCG,CGGCGA,57017,False,False
ATAGGT,ACCTAT,1074935,False,False
GAGCGT,ACGCTC,168045,False,False
AGCGTC,GACGCT,172308,False,False
AAACAA,TTGTTT,4965657,True,False
TTTAAC,GTTAAA,1922597,True,False
GGTATA,TATACC,1023945,False,False
AAAAAC,GTTTTT,4196398,True,True
GGAATT,AATTCC,1840848,True,True
TATATT,AATATA,3899812,False,True
ATATTG,CAATAT,2060646,False,False
AGAATA,TATTCT,2739205,False,False
TAAGGA,TCCTTA,1614548,True,True
ACATTA,TAATGT,2004099,False,False
TCGATT,AATCGA,191923,False,False
GTATAT,ATATAC,2124111,False,False
ATAACG,CGTTAT,197160,False,False
TAACGC,GCGTTA,110217,False,False
GCATAC,GTATGC,641189,False,False
GAATAC,GTATTC,1140151,False,False
AATACT,AGTATT,2069812,False,False
ACTTAT,ATAAGT,1575776,False,False
TATACT,AGTATA,1559260,False,False
TAGTGT,ACACTA,1110763,False,False
ATCTAC,GTAGAT,1114120,False,False
GACGAA,TTCGTC,165510,False,False
ACGAAT,ATTCGT,220204,False,False
CGAATA,TATTCG,175638,False,False
AACAAC,GTTGTT,1807469,False,False
GGCGAA,TTCGCC,194737,False,False
AGTTCG,CGAACT,324903,False,False
GTTCGA,TCGAAC,304759,False,False
CTACTA,TAGTAG,1484634,False,False
CCGCTA,TAGCGG,114304,False,False
CGCTAC,GTAGCG,109650,False,False
TACTCG,CGAGTA,314854,False,False
ATCGCG,CGCGAT,100782,False,False
TACTAG,CTAGTA,816776,False,False
ACTAGA,TCTAGT,1249114,False,False
GATAGT,ACTATC,884503,False,False
ATTACG,CGTAAT,190964,False,False
TTACGT,ACGTAA,263796,False,False
TCAGCG,CGCTGA,226702,False,False
ATCATA,TATGAT,1706072,False,False
GTTATC,GATAAC,807642,False,False
ACGGTA,TACCGT,150918,False,False
CGGTAT,ATACCG,119260,False,False
GAATTC,GAATTC,778880,True,False
GTAGTA,TACTAC,828010,False,False
AATCTA,TAGATT,1754608,False,True
CGTAGT,ACTACG,154181,False,False
CGTTAC,GTAACG,113710,False,False
TAGTAT,ATACTA,1418767,False,False
GTATAC,GTATAC,424607,False,False
ATACAT,ATGTAT,2653873,False,False
TACATC,GATGTA,1034287,False,False
ACGGAC,GTCCGT,141025,False,False
ACTAGT,ACTAGT,393465,False,False
CTATCA,TGATAG,1241026,False,False
TATGAG,CTCATA,1356897,False,False
GCGATA,TATCGC,116226,False,False
CGATAT,ATATCG,159673,False,False
ATGCAT,ATGCAT,922636,False,False
GTATCG,CGATAC,85553,False,False
TTCGAA,TTCGAA,105346,False,True
CGAAGT,ACTTCG,203895,False,False
ACCGTT,AACGGT,164653,False,False
AACGCG,CGCGTT,38869,False,False
TACGAG,CTCGTA,130725,False,False
TGCGGA,TCCGCA,177165,False,False
CGCGCG,CGCGCG,47052,False,False
AACCGG,CCGGTT,144115,False,False
CGTTCG,CGAACG,29836,False,False
CGCGGA,TCCGCG,62005,False,False
TCGGTC,GACCGA,128859,False,False
CGGTCA,TGACCG,153202,False,False
CGGACG,CGTCCG,66308,False,False
CCGGAA,TTCCGG,200638,False,True
GTCCGC,GCGGAC,111839,False,False
CGTCGA,TCGACG,23632,False,False
GAGTCG,CGACTC,146318,False,False
CGACGT,ACGTCG,37426,False,False
TGTCCG,CGGACA,168668,False,False
CTACGC,GCGTAG,117836,False,False
TACGCC,GGCGTA,116170,False,False
CGCTTT,AAAGCG,264458,False,False
TATCGT,ACGATA,169903,False,False
CGTATG,CATACG,197408,False,False
TAGACG,CGTCTA,145739,False,False
TTCGTA,TACGAA,198586,False,False
CGTAGC,GCTACG,122969,False,False
ATCGAG,CTCGAT,252061,False,False
GTTGTA,TACAAC,1030421,False,False
TTACGG,CCGTAA,165651,False,False
TACGGT,ACCGTA,154337,False,False
CGGTTA,TAACCG,106971,False,False
TCATTA,TAATGA,2112660,False,True
TCGCTA,TAGCGA,124343,False,False
CGCTAT,ATAGCG,133176,False,False
GCTATT,AATAGC,1432998,False,False
GTAATG,CATTAC,1135718,False,False
GATTTA,TAAATC,1740103,False,False
ACGCGA,TCGCGT,32309,False,False
CACGAT,ATCGTG,300976,False,False
CCCGAT,ATCGGG,138869,True,False
TTATCG,CGATAA,148616,False,True
TATCGG,CCGATA,96642,False,False
AGCGTT,AACGCT,204079,False,False
TTATAA,TTATAA,1637438,True,True
CGCATT,AATGCG,174861,False,False
AGCGAC,GTCGCT,137474,False,False
CTAGAT,ATCTAG,1134414,False,False
ACACGT,ACGTGT,387361,False,False
CGCTTA,TAAGCG,126847,False,False
TTTACG,CGTAAA,219475,False,False
TACGTA,TACGTA,127489,False,False
ACGTAC,GTACGT,156024,False,False
GTTATA,TATAAC,1248856,False,False
CTATAG,CTATAG,502572,False,False
TCACGA,TCGTGA,353797,False,False
CCGCAT,ATGCGG,196601,False,False
CGAAAC,GTTTCG,224886,False,False
AATTCG,CGAATT,200024,False,True
ATTCGG,CCGAAT,176205,True,False
CTATTA,TAATAG,1573229,False,False
TAGCTA,TAGCTA,593743,False,False
CGTTGA,TCAACG,172715,False,False
ACTCGC,GCGAGT,135388,False,False
CGCACT,AGTGCG,168180,False,False
GTTACG,CGTAAC,119604,False,False
GATCGT,ACGATC,207958,False,False
CGTATT,AATACG,259301,False,False
GGTACG,CGTACC,102825,False,False
TACGTT,AACGTA,264093,False,False
TTACGC,GCGTAA,114679,False,False
TCGTAC,GTACGA,90455,False,False
CGTACT,AGTACG,118034,False,False
AACGAT,ATCGTT,214788,False,False
GGTTCG,CGAACC,110354,False,False
GTTCGT,ACGAAC,141986,False,False
TCCGTA,TACGGA,152166,False,False
TACACG,CGTGTA,213984,False,False
GACGTC,GACGTC,69991,False,False
AAACGC,GCGTTT,222553,False,False
CCGTTA,TAACGG,124557,False,False
ACATCG,CGATGT,184607,False,False
GCGATT,AATCGC,322317,False,False
TACCGG,CCGGTA,102185,False,False
CCGAAC,GTTCGG,105508,False,False
TTACGA,TCGTAA,164617,False,False
CTACGT,ACGTAG,202810,False,False
CTATCG,CGATAG,119243,False,False
ATACGG,CCGTAT,162599,False,False
CTTACG,CGTAAG,178700,False,False
GCCGTA,TACGGC,102278,False,False
TGCGTA,TACGCA,158759,False,False
TTCGGC,GCCGAA,163228,False,False
ATTCCG,CGGAAT,171626,False,True
GTCGGT,ACCGAC,100854,False,False
TCGGTT,AACCGA,176733,True,False
ATTGCG,CGCAAT,184247,False,False
CGATTG,CAATCG,125361,False,False
TACGTC,GACGTA,134030,False,False
ACGTCC,GGACGT,196067,False,False
TATCGA,TCGATA,130314,False,False
ATCGAT,ATCGAT,85368,False,True
ACGAGT,ACTCGT,179046,False,False
GCGTAC,GTACGC,65604,False,False
ACGCTA,TAGCGT,135550,False,False
AAGCGC,GCGCTT,161433,False,False
CGCTAA,TTAGCG,124854,False,False
GCGAAT,ATTCGC,120189,False,False
ACGCGT,ACGCGT,21125,False,False
CGATCG,CGATCG,12379,False,False
TCATCG,CGATGA,191431,False,True
CGCCTA,TAGGCG,155050,False,False
TCCGGA,TCCGGA,94814,False,False
CGCCGA,TCGGCG,52333,False,False
TACGCG,CGCGTA,22308,False,False
CGTACG,CGTACG,11552,False,False
TCGCGA,TCGCGA,14658,False,False
