Called_Sites,Mutation_Rate,Site_Group,Group
CREB1_20,0.003956882699517943,Called_Sites,Background
CREB1_20,0.0041610873058382436,Called_Sites,Background
CREB1_20,0.004261515800749866,Called_Sites,Background
CREB1_20,0.00433851098018211,Called_Sites,Background
CREB1_20,0.004268211033743975,Called_Sites,Background
CREB1_20,0.0040707016604177824,Called_Sites,Background
CREB1_20,0.004064006427423674,Called_Sites,Background
CREB1_20,0.004033877878950188,Called_Sites,Background
CREB1_20,0.004268211033743975,Called_Sites,Background
CREB1_20,0.0040070969469737545,Called_Sites,Background
CREB1_20,0.004154392072844135,Called_Sites,Background
CREB1_20,0.004388725227637922,Called_Sites,Background
CREB1_20,0.004157739689341189,Called_Sites,Background
CREB1_20,0.004268211033743975,Called_Sites,Background
CREB1_20,0.004368639528655597,Called_Sites,Background
CREB1_20,0.004144349223352973,Called_Sites,Background
CREB1_20,0.0041610873058382436,Called_Sites,Background
CREB1_20,0.004141001606855919,Called_Sites,Background
CREB1_20,0.004224692019282271,Called_Sites,Background
CREB1_20,0.004305034815211569,Called_Sites,Background
CREB1_20,0.004197911087305838,Called_Sites,Background
CREB1_20,0.004315077664702732,Called_Sites,Background
CREB1_20,0.004214649169791109,Called_Sites,Background
CREB1_20,0.004110873058382432,Called_Sites,Background
CREB1_20,0.004197911087305838,Called_Sites,Background
CREB1_20,0.0041309587573647565,Called_Sites,Background
CREB1_20,0.00424812533476165,Called_Sites,Background
CREB1_20,0.00424812533476165,Called_Sites,Background
CREB1_20,0.004258168184252812,Called_Sites,Background
CREB1_20,0.004167782538832351,Called_Sites,Background
CREB1_20,0.004358596679164435,Called_Sites,Background
CREB1_20,0.00406065881092662,Called_Sites,Background
CREB1_20,0.004217996786288163,Called_Sites,Background
CREB1_20,0.004214649169791109,Called_Sites,Background
CREB1_20,0.0040070969469737545,Called_Sites,Background
CREB1_20,0.004040573111944295,Called_Sites,Background
CREB1_20,0.004127611140867702,Called_Sites,Background
CREB1_20,0.004020487412961971,Called_Sites,Background
CREB1_20,0.00419121585431173,Called_Sites,Background
CREB1_20,0.0040707016604177824,Called_Sites,Background
CREB1_20,0.004214649169791109,Called_Sites,Background
CREB1_20,0.004331815747188002,Called_Sites,Background
CREB1_20,0.004154392072844135,Called_Sites,Background
CREB1_20,0.0041610873058382436,Called_Sites,Background
CREB1_20,0.004361944295661489,Called_Sites,Background
CREB1_20,0.00426486341724692,Called_Sites,Background
CREB1_20,0.0041610873058382436,Called_Sites,Background
CREB1_20,0.004214649169791109,Called_Sites,Background
CREB1_20,0.004214649169791109,Called_Sites,Background
CREB1_20,0.004171130155329405,Called_Sites,Background
CREB1_20,0.004221344402785217,Called_Sites,Background
CREB1_20,0.004050615961435458,Called_Sites,Background
CREB1_20,0.004197911087305838,Called_Sites,Background
CREB1_20,0.004094134975897161,Called_Sites,Background
CREB1_20,0.004120915907873594,Called_Sites,Background
CREB1_20,0.004104177825388323,Called_Sites,Background
CREB1_20,0.004221344402785217,Called_Sites,Background
CREB1_20,0.004187868237814676,Called_Sites,Background
CREB1_20,0.004231387252276379,Called_Sites,Background
CREB1_20,0.004251472951258704,Called_Sites,Background
CREB1_20,0.004084092126405999,Called_Sites,Background
CREB1_20,0.00426486341724692,Called_Sites,Background
CREB1_20,0.004137653990358864,Called_Sites,Background
CREB1_20,0.0042882967327262985,Called_Sites,Background
CREB1_20,0.004080744509908945,Called_Sites,Background
CREB1_20,0.004261515800749866,Called_Sites,Background
CREB1_20,0.003910016068559186,Called_Sites,Background
CREB1_20,0.004187868237814676,Called_Sites,Background
CREB1_20,0.004291644349223353,Called_Sites,Background
CREB1_20,0.004201258703802892,Called_Sites,Background
CREB1_20,0.004127611140867702,Called_Sites,Background
CREB1_20,0.004358596679164435,Called_Sites,Background
CREB1_20,0.004298339582217461,Called_Sites,Background
CREB1_20,0.004258168184252812,Called_Sites,Background
CREB1_20,0.004305034815211569,Called_Sites,Background
CREB1_20,0.004197911087305838,Called_Sites,Background
CREB1_20,0.004361944295661489,Called_Sites,Background
CREB1_20,0.004197911087305838,Called_Sites,Background
CREB1_20,0.0042715586502410285,Called_Sites,Background
CREB1_20,0.004204606320299947,Called_Sites,Background
CREB1_20,0.004144349223352973,Called_Sites,Background
CREB1_20,0.0042715586502410285,Called_Sites,Background
CREB1_20,0.00417447777182646,Called_Sites,Background
CREB1_20,0.00413430637386181,Called_Sites,Background
CREB1_20,0.003926754151044457,Called_Sites,Background
CREB1_20,0.0041476968398500265,Called_Sites,Background
CREB1_20,0.0039769683985002675,Called_Sites,Background
CREB1_20,0.004228039635779325,Called_Sites,Background
CREB1_20,0.0042414301017675415,Called_Sites,Background
CREB1_20,0.004151044456347081,Called_Sites,Background
CREB1_20,0.004358596679164435,Called_Sites,Background
CREB1_20,0.00404392072844135,Called_Sites,Background
CREB1_20,0.0042715586502410285,Called_Sites,Background
CREB1_20,0.004187868237814676,Called_Sites,Background
CREB1_20,0.004325120514193894,Called_Sites,Background
CREB1_20,0.0041309587573647565,Called_Sites,Background
CREB1_20,0.004448982324584895,Called_Sites,Background
CREB1_20,0.004254820567755758,Called_Sites,Background
CREB1_20,0.004144349223352973,Called_Sites,Background
CREB1_20,0.004281601499732191,Called_Sites,Background
CREB1_25,0.003242237898158543,Called_Sites,Background
CREB1_25,0.0033343945309227394,Called_Sites,Background
CREB1_25,0.0034935741693336237,Called_Sites,Background
CREB1_25,0.0036108644292153283,Called_Sites,Background
CREB1_25,0.003359528158040247,Called_Sites,Background
CREB1_25,0.0034097954122752636,Called_Sites,Background
CREB1_25,0.003577352926391984,Called_Sites,Background
CREB1_25,0.0031584591411001825,Called_Sites,Background
CREB1_25,0.0035354635478628037,Called_Sites,Background
CREB1_25,0.003359528158040247,Called_Sites,Background
CREB1_25,0.003552219299274476,Called_Sites,Background
CREB1_25,0.0036108644292153283,Called_Sites,Background
CREB1_25,0.003326016655216903,Called_Sites,Background
CREB1_25,0.003811933446155393,Called_Sites,Background
CREB1_25,0.003552219299274476,Called_Sites,Background
CREB1_25,0.003284127276687723,Called_Sites,Background
CREB1_25,0.00358573080209782,Called_Sites,Background
CREB1_25,0.0033092609038052312,Called_Sites,Background
CREB1_25,0.0036192423049211642,Called_Sites,Background
CREB1_25,0.0037281546890970325,Called_Sites,Background
CREB1_25,0.0034600626665102796,Called_Sites,Background
CREB1_25,0.0036778874348620165,Called_Sites,Background
CREB1_25,0.0033846617851577554,Called_Sites,Background
CREB1_25,0.003527085672156968,Called_Sites,Background
CREB1_25,0.0036527538077445083,Called_Sites,Background
CREB1_25,0.0033679060337460836,Called_Sites,Background
CREB1_25,0.0037281546890970325,Called_Sites,Background
CREB1_25,0.0035354635478628037,Called_Sites,Background
CREB1_25,0.0037197768133911966,Called_Sites,Background
CREB1_25,0.003552219299274476,Called_Sites,Background
CREB1_25,0.0040297582145071295,Called_Sites,Background
CREB1_25,0.0033427724066285754,Called_Sites,Background
CREB1_25,0.00366950955915618,Called_Sites,Background
CREB1_25,0.0033846617851577554,Called_Sites,Background
CREB1_25,0.003635998056332836,Called_Sites,Background
CREB1_25,0.0033930396608635913,Called_Sites,Background
CREB1_25,0.0034349290393927714,Called_Sites,Background
CREB1_25,0.0034349290393927714,Called_Sites,Background
CREB1_25,0.0034014175365694272,Called_Sites,Background
CREB1_25,0.0034097954122752636,Called_Sites,Background
CREB1_25,0.003552219299274476,Called_Sites,Background
CREB1_25,0.003284127276687723,Called_Sites,Background
CREB1_25,0.003275749400981887,Called_Sites,Background
CREB1_25,0.003317638779511067,Called_Sites,Background
CREB1_25,0.0035354635478628037,Called_Sites,Background
CREB1_25,0.003602486553509492,Called_Sites,Background
CREB1_25,0.0031835927682176907,Called_Sites,Background
CREB1_25,0.0036192423049211642,Called_Sites,Background
CREB1_25,0.003476818417921952,Called_Sites,Background
CREB1_25,0.0036443759320386724,Called_Sites,Background
CREB1_25,0.003317638779511067,Called_Sites,Background
CREB1_25,0.0033427724066285754,Called_Sites,Background
CREB1_25,0.0035354635478628037,Called_Sites,Background
CREB1_25,0.0034516847908044436,Called_Sites,Background
CREB1_25,0.0033930396608635913,Called_Sites,Background
CREB1_25,0.0037449104405087048,Called_Sites,Background
CREB1_25,0.0035354635478628037,Called_Sites,Background
CREB1_25,0.0036192423049211642,Called_Sites,Background
CREB1_25,0.0033511502823344113,Called_Sites,Background
CREB1_25,0.0036108644292153283,Called_Sites,Background
CREB1_25,0.0034600626665102796,Called_Sites,Background
CREB1_25,0.00366950955915618,Called_Sites,Background
CREB1_25,0.0033846617851577554,Called_Sites,Background
CREB1_25,0.003828689197567065,Called_Sites,Background
CREB1_25,0.0034935741693336237,Called_Sites,Background
CREB1_25,0.003870578576096245,Called_Sites,Background
CREB1_25,0.0031500812653943466,Called_Sites,Background
CREB1_25,0.0036108644292153283,Called_Sites,Background
CREB1_25,0.0034851962936277877,Called_Sites,Background
CREB1_25,0.0037449104405087048,Called_Sites,Background
CREB1_25,0.00354384142356864,Called_Sites,Background
CREB1_25,0.003937601581742933,Called_Sites,Background
CREB1_25,0.003518707796451132,Called_Sites,Background
CREB1_25,0.0036527538077445083,Called_Sites,Background
CREB1_25,0.003577352926391984,Called_Sites,Background
CREB1_25,0.003904090078919589,Called_Sites,Background
CREB1_25,0.003828689197567065,Called_Sites,Background
CREB1_25,0.0034935741693336237,Called_Sites,Background
CREB1_25,0.0037532883162145407,Called_Sites,Background
CREB1_25,0.003577352926391984,Called_Sites,Background
CREB1_25,0.003577352926391984,Called_Sites,Background
CREB1_25,0.0035354635478628037,Called_Sites,Background
CREB1_25,0.003627620180627,Called_Sites,Background
CREB1_25,0.00358573080209782,Called_Sites,Background
CREB1_25,0.00297414587557179,Called_Sites,Background
CREB1_25,0.003560597174980312,Called_Sites,Background
CREB1_25,0.003208726395335199,Called_Sites,Background
CREB1_25,0.0034097954122752636,Called_Sites,Background
CREB1_25,0.003560597174980312,Called_Sites,Background
CREB1_25,0.0036443759320386724,Called_Sites,Background
CREB1_25,0.0037449104405087048,Called_Sites,Background
CREB1_25,0.003476818417921952,Called_Sites,Background
CREB1_25,0.0034684405422161155,Called_Sites,Background
CREB1_25,0.003602486553509492,Called_Sites,Background
CREB1_25,0.003568975050686148,Called_Sites,Background
CREB1_25,0.0034684405422161155,Called_Sites,Background
CREB1_25,0.00366950955915618,Called_Sites,Background
CREB1_25,0.0036108644292153283,Called_Sites,Background
CREB1_25,0.003518707796451132,Called_Sites,Background
CREB1_25,0.0034684405422161155,Called_Sites,Background
CREB1_30,0.0029855234331371623,Called_Sites,Background
CREB1_30,0.0033721379784354996,Called_Sites,Background
CREB1_30,0.0032862236350358694,Called_Sites,Background
CREB1_30,0.0036084024227844838,Called_Sites,Background
CREB1_30,0.003436573735985223,Called_Sites,Background
CREB1_30,0.002770737574638086,Called_Sites,Background
CREB1_30,0.0032003092916362387,Called_Sites,Background
CREB1_30,0.0028566519180377166,Called_Sites,Background
CREB1_30,0.0036728381803342067,Called_Sites,Background
CREB1_30,0.003243266463336054,Called_Sites,Background
CREB1_30,0.0033291808067356845,Called_Sites,Background
CREB1_30,0.003479530907685038,Called_Sites,Background
CREB1_30,0.003114394948236608,Called_Sites,Background
CREB1_30,0.003501009493534946,Called_Sites,Background
CREB1_30,0.003178830705786331,Called_Sites,Background
CREB1_30,0.003071437776536793,Called_Sites,Background
CREB1_30,0.0033721379784354996,Called_Sites,Background
CREB1_30,0.0029640448472872546,Called_Sites,Background
CREB1_30,0.0036513595944842993,Called_Sites,Background
CREB1_30,0.003479530907685038,Called_Sites,Background
CREB1_30,0.0036943167661841144,Called_Sites,Background
CREB1_30,0.0038661454529833757,Called_Sites,Background
CREB1_30,0.0034580523218351302,Called_Sites,Background
CREB1_30,0.003543966665234761,Called_Sites,Background
CREB1_30,0.0032862236350358694,Called_Sites,Background
CREB1_30,0.0033721379784354996,Called_Sites,Background
CREB1_30,0.0033077022208857767,Called_Sites,Background
CREB1_30,0.003157352119936423,Called_Sites,Background
CREB1_30,0.004145367069032175,Called_Sites,Background
CREB1_30,0.0035654452510846687,Called_Sites,Background
CREB1_30,0.004016495553932729,Called_Sites,Background
CREB1_30,0.003049959190686885,Called_Sites,Background
CREB1_30,0.0036084024227844838,Called_Sites,Background
CREB1_30,0.0036084024227844838,Called_Sites,Background
CREB1_30,0.0036943167661841144,Called_Sites,Background
CREB1_30,0.003114394948236608,Called_Sites,Background
CREB1_30,0.003415095150135315,Called_Sites,Background
CREB1_30,0.0032003092916362387,Called_Sites,Background
CREB1_30,0.003501009493534946,Called_Sites,Background
CREB1_30,0.0034580523218351302,Called_Sites,Background
CREB1_30,0.0033506593925855923,Called_Sites,Background
CREB1_30,0.002878130503887624,Called_Sites,Background
CREB1_30,0.003157352119936423,Called_Sites,Background
CREB1_30,0.003135873534086516,Called_Sites,Background
CREB1_30,0.0033291808067356845,Called_Sites,Background
CREB1_30,0.0033506593925855923,Called_Sites,Background
CREB1_30,0.0030929163623867003,Called_Sites,Background
CREB1_30,0.003715795352034022,Called_Sites,Background
CREB1_30,0.0036943167661841144,Called_Sites,Background
CREB1_30,0.0033291808067356845,Called_Sites,Background
CREB1_30,0.0033721379784354996,Called_Sites,Background
CREB1_30,0.003479530907685038,Called_Sites,Background
CREB1_30,0.0037587525237338373,Called_Sites,Background
CREB1_30,0.0035654452510846687,Called_Sites,Background
CREB1_30,0.003415095150135315,Called_Sites,Background
CREB1_30,0.0036728381803342067,Called_Sites,Background
CREB1_30,0.003479530907685038,Called_Sites,Background
CREB1_30,0.003715795352034022,Called_Sites,Background
CREB1_30,0.003135873534086516,Called_Sites,Background
CREB1_30,0.003436573735985223,Called_Sites,Background
CREB1_30,0.0029855234331371623,Called_Sites,Background
CREB1_30,0.0037372739378839295,Called_Sites,Background
CREB1_30,0.003178830705786331,Called_Sites,Background
CREB1_30,0.003973538382232914,Called_Sites,Background
CREB1_30,0.003071437776536793,Called_Sites,Background
CREB1_30,0.0037372739378839295,Called_Sites,Background
CREB1_30,0.0028566519180377166,Called_Sites,Background
CREB1_30,0.003415095150135315,Called_Sites,Background
CREB1_30,0.0037372739378839295,Called_Sites,Background
CREB1_30,0.003479530907685038,Called_Sites,Background
CREB1_30,0.003436573735985223,Called_Sites,Background
CREB1_30,0.0036298810086343915,Called_Sites,Background
CREB1_30,0.003801709695433653,Called_Sites,Background
CREB1_30,0.0035654452510846687,Called_Sites,Background
CREB1_30,0.0033077022208857767,Called_Sites,Background
CREB1_30,0.0036943167661841144,Called_Sites,Background
CREB1_30,0.0036943167661841144,Called_Sites,Background
CREB1_30,0.003049959190686885,Called_Sites,Background
CREB1_30,0.00300700201898707,Called_Sites,Background
CREB1_30,0.003543966665234761,Called_Sites,Background
CREB1_30,0.003973538382232914,Called_Sites,Background
CREB1_30,0.0033077022208857767,Called_Sites,Background
CREB1_30,0.0035654452510846687,Called_Sites,Background
CREB1_30,0.003522488079384853,Called_Sites,Background
CREB1_30,0.0030284806048369774,Called_Sites,Background
CREB1_30,0.003501009493534946,Called_Sites,Background
CREB1_30,0.0032862236350358694,Called_Sites,Background
CREB1_30,0.0033506593925855923,Called_Sites,Background
CREB1_30,0.0033721379784354996,Called_Sites,Background
CREB1_30,0.003479530907685038,Called_Sites,Background
CREB1_30,0.0037587525237338373,Called_Sites,Background
CREB1_30,0.003543966665234761,Called_Sites,Background
CREB1_30,0.0033936165642854074,Called_Sites,Background
CREB1_30,0.0032217878774861465,Called_Sites,Background
CREB1_30,0.0033506593925855923,Called_Sites,Background
CREB1_30,0.003049959190686885,Called_Sites,Background
CREB1_30,0.0033506593925855923,Called_Sites,Background
CREB1_30,0.0035654452510846687,Called_Sites,Background
CREB1_30,0.0035654452510846687,Called_Sites,Background
CREB1_30,0.003909102624683191,Called_Sites,Background
CREB1_pwm,0.004412052162743292,Called_Sites,Background
CREB1_pwm,0.0040071486414788755,Called_Sites,Background
CREB1_pwm,0.004523749685850716,Called_Sites,Background
CREB1_pwm,0.004300354639635866,Called_Sites,Background
CREB1_pwm,0.004593560637792857,Called_Sites,Background
CREB1_pwm,0.004286392449247438,Called_Sites,Background
CREB1_pwm,0.0038116779760408812,Called_Sites,Background
CREB1_pwm,0.004062997403032588,Called_Sites,Background
CREB1_pwm,0.004565636257016001,Called_Sites,Background
CREB1_pwm,0.004090921783809444,Called_Sites,Background
CREB1_pwm,0.004398089972354863,Called_Sites,Background
CREB1_pwm,0.004300354639635866,Called_Sites,Background
CREB1_pwm,0.004286392449247438,Called_Sites,Background
CREB1_pwm,0.00487280444556142,Called_Sites,Background
CREB1_pwm,0.004314316830024294,Called_Sites,Background
CREB1_pwm,0.00434224121080115,Called_Sites,Background
CREB1_pwm,0.0037139426433218845,Called_Sites,Background
CREB1_pwm,0.004202619306916869,Called_Sites,Background
CREB1_pwm,0.0041188461645863,Called_Sites,Background
CREB1_pwm,0.004160732735751585,Called_Sites,Background
CREB1_pwm,0.004132808354974728,Called_Sites,Background
CREB1_pwm,0.004398089972354863,Called_Sites,Background
CREB1_pwm,0.004607522828181285,Called_Sites,Background
CREB1_pwm,0.004314316830024294,Called_Sites,Background
CREB1_pwm,0.003686018262545028,Called_Sites,Background
CREB1_pwm,0.004467900924297004,Called_Sites,Background
CREB1_pwm,0.004258468068470581,Called_Sites,Background
CREB1_pwm,0.00449582530507386,Called_Sites,Background
CREB1_pwm,0.004412052162743292,Called_Sites,Background
CREB1_pwm,0.004104883974197872,Called_Sites,Background
CREB1_pwm,0.004677333780123426,Called_Sites,Background
CREB1_pwm,0.0042305436876937256,Called_Sites,Background
CREB1_pwm,0.0047192203512887105,Called_Sites,Background
CREB1_pwm,0.00464940939934657,Called_Sites,Background
CREB1_pwm,0.004160732735751585,Called_Sites,Background
CREB1_pwm,0.004314316830024294,Called_Sites,Background
CREB1_pwm,0.004886766635949848,Called_Sites,Background
CREB1_pwm,0.004104883974197872,Called_Sites,Background
CREB1_pwm,0.003951299879925162,Called_Sites,Background
CREB1_pwm,0.0047192203512887105,Called_Sites,Background
CREB1_pwm,0.004300354639635866,Called_Sites,Background
CREB1_pwm,0.0045377118762391444,Called_Sites,Background
CREB1_pwm,0.004565636257016001,Called_Sites,Background
CREB1_pwm,0.004370165591578007,Called_Sites,Background
CREB1_pwm,0.004551674066627573,Called_Sites,Background
CREB1_pwm,0.004244505878082154,Called_Sites,Background
CREB1_pwm,0.004104883974197872,Called_Sites,Background
CREB1_pwm,0.003993186451090447,Called_Sites,Background
CREB1_pwm,0.0042305436876937256,Called_Sites,Background
CREB1_pwm,0.004747144732065566,Called_Sites,Background
CREB1_pwm,0.00487280444556142,Called_Sites,Background
CREB1_pwm,0.004314316830024294,Called_Sites,Background
CREB1_pwm,0.004132808354974728,Called_Sites,Background
CREB1_pwm,0.004426014353131719,Called_Sites,Background
CREB1_pwm,0.004356203401189578,Called_Sites,Background
CREB1_pwm,0.004565636257016001,Called_Sites,Background
CREB1_pwm,0.004412052162743292,Called_Sites,Background
CREB1_pwm,0.004258468068470581,Called_Sites,Background
CREB1_pwm,0.004132808354974728,Called_Sites,Background
CREB1_pwm,0.004104883974197872,Called_Sites,Background
CREB1_pwm,0.004104883974197872,Called_Sites,Background
CREB1_pwm,0.004691295970511854,Called_Sites,Background
CREB1_pwm,0.004551674066627573,Called_Sites,Background
CREB1_pwm,0.004132808354974728,Called_Sites,Background
CREB1_pwm,0.004593560637792857,Called_Sites,Background
CREB1_pwm,0.0042724302588590096,Called_Sites,Background
CREB1_pwm,0.004509787495462288,Called_Sites,Background
CREB1_pwm,0.004565636257016001,Called_Sites,Background
CREB1_pwm,0.004286392449247438,Called_Sites,Background
CREB1_pwm,0.004439976543520147,Called_Sites,Background
CREB1_pwm,0.004691295970511854,Called_Sites,Background
CREB1_pwm,0.004021110831867303,Called_Sites,Background
CREB1_pwm,0.004467900924297004,Called_Sites,Background
CREB1_pwm,0.004551674066627573,Called_Sites,Background
CREB1_pwm,0.004691295970511854,Called_Sites,Background
CREB1_pwm,0.004607522828181285,Called_Sites,Background
CREB1_pwm,0.0040071486414788755,Called_Sites,Background
CREB1_pwm,0.004244505878082154,Called_Sites,Background
CREB1_pwm,0.004104883974197872,Called_Sites,Background
CREB1_pwm,0.004300354639635866,Called_Sites,Background
CREB1_pwm,0.004635447208958142,Called_Sites,Background
CREB1_pwm,0.003923375499148307,Called_Sites,Background
CREB1_pwm,0.004314316830024294,Called_Sites,Background
CREB1_pwm,0.0042305436876937256,Called_Sites,Background
CREB1_pwm,0.004356203401189578,Called_Sites,Background
CREB1_pwm,0.004858842255172992,Called_Sites,Background
CREB1_pwm,0.004733182541677138,Called_Sites,Background
CREB1_pwm,0.004300354639635866,Called_Sites,Background
CREB1_pwm,0.004481863114685432,Called_Sites,Background
CREB1_pwm,0.004412052162743292,Called_Sites,Background
CREB1_pwm,0.004481863114685432,Called_Sites,Background
CREB1_pwm,0.004244505878082154,Called_Sites,Background
CREB1_pwm,0.003923375499148307,Called_Sites,Background
CREB1_pwm,0.004286392449247438,Called_Sites,Background
CREB1_pwm,0.004286392449247438,Called_Sites,Background
CREB1_pwm,0.004426014353131719,Called_Sites,Background
CREB1_pwm,0.003937337689536734,Called_Sites,Background
CREB1_pwm,0.004258468068470581,Called_Sites,Background
CREB1_pwm,0.00487280444556142,Called_Sites,Background
CREB1_pwm,0.003979224260702019,Called_Sites,Background
EGR1_20,0.0022547879060807346,Called_Sites,Background
EGR1_20,0.002289188276353811,Called_Sites,Background
EGR1_20,0.0023173340338499644,Called_Sites,Background
EGR1_20,0.0023173340338499644,Called_Sites,Background
EGR1_20,0.0022266421485845813,Called_Sites,Background
EGR1_20,0.0022485332933038114,Called_Sites,Background
EGR1_20,0.0022610425188576574,Called_Sites,Background
EGR1_20,0.002179732552757659,Called_Sites,Background
EGR1_20,0.0021859871655345816,Called_Sites,Background
EGR1_20,0.0021828598591461202,Called_Sites,Background
EGR1_20,0.0022798063571884265,Called_Sites,Background
EGR1_20,0.002179732552757659,Called_Sites,Background
EGR1_20,0.0023329705657922717,Called_Sites,Background
EGR1_20,0.0021891144719230434,Called_Sites,Background
EGR1_20,0.0022297694549730427,Called_Sites,Background
EGR1_20,0.002311079421073041,Called_Sites,Background
EGR1_20,0.0022016236974768894,Called_Sites,Background
EGR1_20,0.0023298432594038103,Called_Sites,Background
EGR1_20,0.002323588646626887,Called_Sites,Background
EGR1_20,0.0022172602294191967,Called_Sites,Background
EGR1_20,0.002323588646626887,Called_Sites,Background
EGR1_20,0.002220387535807658,Called_Sites,Background
EGR1_20,0.002257915212469196,Called_Sites,Background
EGR1_20,0.0022110056166422735,Called_Sites,Background
EGR1_20,0.0023048248082961184,Called_Sites,Background
EGR1_20,0.002270424438023042,Called_Sites,Background
EGR1_20,0.002386134774396117,Called_Sites,Background
EGR1_20,0.002373625548842271,Called_Sites,Background
EGR1_20,0.0022923155827422725,Called_Sites,Background
EGR1_20,0.0022235148421961195,Called_Sites,Background
EGR1_20,0.0023454797913461177,Called_Sites,Background
EGR1_20,0.0022047510038653508,Called_Sites,Background
EGR1_20,0.002483081272438423,Called_Sites,Background
EGR1_20,0.002207878310253812,Called_Sites,Background
EGR1_20,0.002336097872180733,Called_Sites,Background
EGR1_20,0.0021766052463691975,Called_Sites,Background
EGR1_20,0.00239238938717304,Called_Sites,Background
EGR1_20,0.002220387535807658,Called_Sites,Background
EGR1_20,0.002270424438023042,Called_Sites,Background
EGR1_20,0.00224540598691535,Called_Sites,Background
EGR1_20,0.0023298432594038103,Called_Sites,Background
EGR1_20,0.0022141329230307353,Called_Sites,Background
EGR1_20,0.002110931812211506,Called_Sites,Background
EGR1_20,0.0023048248082961184,Called_Sites,Background
EGR1_20,0.002311079421073041,Called_Sites,Background
EGR1_20,0.0022047510038653508,Called_Sites,Background
EGR1_20,0.002251660599692273,Called_Sites,Background
EGR1_20,0.0022798063571884265,Called_Sites,Background
EGR1_20,0.002092167973880737,Called_Sites,Background
EGR1_20,0.0023298432594038103,Called_Sites,Background
EGR1_20,0.002251660599692273,Called_Sites,Background
EGR1_20,0.002257915212469196,Called_Sites,Background
EGR1_20,0.0021703506335922743,Called_Sites,Background
EGR1_20,0.002367370936065348,Called_Sites,Background
EGR1_20,0.002323588646626887,Called_Sites,Background
EGR1_20,0.0022360240677499654,Called_Sites,Background
EGR1_20,0.0021828598591461202,Called_Sites,Background
EGR1_20,0.0023298432594038103,Called_Sites,Background
EGR1_20,0.002301697501907657,Called_Sites,Background
EGR1_20,0.0022985701955191952,Called_Sites,Background
EGR1_20,0.0023454797913461177,Called_Sites,Background
EGR1_20,0.0022860609699653493,Called_Sites,Background
EGR1_20,0.0020421310716653533,Called_Sites,Background
EGR1_20,0.002339225178569195,Called_Sites,Background
EGR1_20,0.0021640960208153515,Called_Sites,Background
EGR1_20,0.002195369084699966,Called_Sites,Background
EGR1_20,0.002301697501907657,Called_Sites,Background
EGR1_20,0.0023173340338499644,Called_Sites,Background
EGR1_20,0.0021828598591461202,Called_Sites,Background
EGR1_20,0.002339225178569195,Called_Sites,Background
EGR1_20,0.002326715953015349,Called_Sites,Background
EGR1_20,0.002442426289388424,Called_Sites,Background
EGR1_20,0.0024142805318922707,Called_Sites,Background
EGR1_20,0.002364243629676887,Called_Sites,Background
EGR1_20,0.002220387535807658,Called_Sites,Background
EGR1_20,0.002483081272438423,Called_Sites,Background
EGR1_20,0.002423662451057655,Called_Sites,Background
EGR1_20,0.0022610425188576574,Called_Sites,Background
EGR1_20,0.00230795211468458,Called_Sites,Background
EGR1_20,0.002326715953015349,Called_Sites,Background
EGR1_20,0.002336097872180733,Called_Sites,Background
EGR1_20,0.002264169825246119,Called_Sites,Background
EGR1_20,0.00224540598691535,Called_Sites,Background
EGR1_20,0.002326715953015349,Called_Sites,Background
EGR1_20,0.0022235148421961195,Called_Sites,Background
EGR1_20,0.0023830074680076556,Called_Sites,Background
EGR1_20,0.0021578414080384283,Called_Sites,Background
EGR1_20,0.002276679050799965,Called_Sites,Background
EGR1_20,0.0021390775697076596,Called_Sites,Background
EGR1_20,0.0021859871655345816,Called_Sites,Background
EGR1_20,0.002251660599692273,Called_Sites,Background
EGR1_20,0.0022610425188576574,Called_Sites,Background
EGR1_20,0.002295442889130734,Called_Sites,Background
EGR1_20,0.002154714101649967,Called_Sites,Background
EGR1_20,0.0022860609699653493,Called_Sites,Background
EGR1_20,0.002404898612726886,Called_Sites,Background
EGR1_20,0.0023423524849576563,Called_Sites,Background
EGR1_20,0.0023048248082961184,Called_Sites,Background
EGR1_20,0.002376752855230733,Called_Sites,Background
EGR1_20,0.002301697501907657,Called_Sites,Background
EGR1_25,0.0019727504967357364,Called_Sites,Background
EGR1_25,0.0022069259154130004,Called_Sites,Background
EGR1_25,0.0022211183650298044,Called_Sites,Background
EGR1_25,0.0021146749929037752,Called_Sites,Background
EGR1_25,0.0021430598921373827,Called_Sites,Background
EGR1_25,0.002235310814646608,Called_Sites,Background
EGR1_25,0.002228214589838206,Called_Sites,Background
EGR1_25,0.0021075787680953735,Called_Sites,Background
EGR1_25,0.0019088844734601192,Called_Sites,Background
EGR1_25,0.002043712744819756,Called_Sites,Background
EGR1_25,0.0020791938688617655,Called_Sites,Background
EGR1_25,0.00202242407039455,Called_Sites,Background
EGR1_25,0.0021785410161793924,Called_Sites,Background
EGR1_25,0.00227788816349702,Called_Sites,Background
EGR1_25,0.0018663071246097077,Called_Sites,Background
EGR1_25,0.001944365597502129,Called_Sites,Background
EGR1_25,0.002121771217712177,Called_Sites,Background
EGR1_25,0.00227788816349702,Called_Sites,Background
EGR1_25,0.002135963667328981,Called_Sites,Background
EGR1_25,0.0019656542719273347,Called_Sites,Background
EGR1_25,0.00227788816349702,Called_Sites,Background
EGR1_25,0.002043712744819756,Called_Sites,Background
EGR1_25,0.0019869429463525404,Called_Sites,Background
EGR1_25,0.002050808969628158,Called_Sites,Background
EGR1_25,0.002199829690604598,Called_Sites,Background
EGR1_25,0.002249503264263412,Called_Sites,Background
EGR1_25,0.0022069259154130004,Called_Sites,Background
EGR1_25,0.0021075787680953735,Called_Sites,Background
EGR1_25,0.0022849843883054216,Called_Sites,Background
EGR1_25,0.0020720976440533638,Called_Sites,Background
EGR1_25,0.002341754186772637,Called_Sites,Background
EGR1_25,0.0020650014192449616,Called_Sites,Background
EGR1_25,0.0023985239852398524,Called_Sites,Background
EGR1_25,0.002050808969628158,Called_Sites,Background
EGR1_25,0.002228214589838206,Called_Sites,Background
EGR1_25,0.002043712744819756,Called_Sites,Background
EGR1_25,0.002228214589838206,Called_Sites,Background
EGR1_25,0.0020720976440533638,Called_Sites,Background
EGR1_25,0.0020011353959693444,Called_Sites,Background
EGR1_25,0.001937269372693727,Called_Sites,Background
EGR1_25,0.0021785410161793924,Called_Sites,Background
EGR1_25,0.0018804995742265115,Called_Sites,Background
EGR1_25,0.0019159806982685212,Called_Sites,Background
EGR1_25,0.0020011353959693444,Called_Sites,Background
EGR1_25,0.0020933863184785695,Called_Sites,Background
EGR1_25,0.002121771217712177,Called_Sites,Background
EGR1_25,0.0021927334657961964,Called_Sites,Background
EGR1_25,0.002121771217712177,Called_Sites,Background
EGR1_25,0.0020933863184785695,Called_Sites,Background
EGR1_25,0.00227788816349702,Called_Sites,Background
EGR1_25,0.0021430598921373827,Called_Sites,Background
EGR1_25,0.002128867442520579,Called_Sites,Background
EGR1_25,0.0019727504967357364,Called_Sites,Background
EGR1_25,0.002235310814646608,Called_Sites,Background
EGR1_25,0.0021075787680953735,Called_Sites,Background
EGR1_25,0.0020720976440533638,Called_Sites,Background
EGR1_25,0.00224240703945501,Called_Sites,Background
EGR1_25,0.002214022140221402,Called_Sites,Background
EGR1_25,0.0021785410161793924,Called_Sites,Background
EGR1_25,0.0021927334657961964,Called_Sites,Background
EGR1_25,0.002008231620777746,Called_Sites,Background
EGR1_25,0.00227788816349702,Called_Sites,Background
EGR1_25,0.0018734033494181095,Called_Sites,Background
EGR1_25,0.0021927334657961964,Called_Sites,Background
EGR1_25,0.0021856372409877946,Called_Sites,Background
EGR1_25,0.002043712744819756,Called_Sites,Background
EGR1_25,0.002235310814646608,Called_Sites,Background
EGR1_25,0.002341754186772637,Called_Sites,Background
EGR1_25,0.002029520295202952,Called_Sites,Background
EGR1_25,0.002121771217712177,Called_Sites,Background
EGR1_25,0.002050808969628158,Called_Sites,Background
EGR1_25,0.0025120635821742833,Called_Sites,Background
EGR1_25,0.0021430598921373827,Called_Sites,Background
EGR1_25,0.002164348566562589,Called_Sites,Background
EGR1_25,0.002050808969628158,Called_Sites,Background
EGR1_25,0.002249503264263412,Called_Sites,Background
EGR1_25,0.002214022140221402,Called_Sites,Background
EGR1_25,0.0018875957990349135,Called_Sites,Background
EGR1_25,0.0021927334657961964,Called_Sites,Background
EGR1_25,0.0021430598921373827,Called_Sites,Background
EGR1_25,0.002341754186772637,Called_Sites,Background
EGR1_25,0.002050808969628158,Called_Sites,Background
EGR1_25,0.002214022140221402,Called_Sites,Background
EGR1_25,0.0023488504115810388,Called_Sites,Background
EGR1_25,0.0020153278455861483,Called_Sites,Background
EGR1_25,0.0022069259154130004,Called_Sites,Background
EGR1_25,0.00205790519443656,Called_Sites,Background
EGR1_25,0.00224240703945501,Called_Sites,Background
EGR1_25,0.00205790519443656,Called_Sites,Background
EGR1_25,0.0020720976440533638,Called_Sites,Background
EGR1_25,0.0021430598921373827,Called_Sites,Background
EGR1_25,0.0021785410161793924,Called_Sites,Background
EGR1_25,0.0021785410161793924,Called_Sites,Background
EGR1_25,0.0019727504967357364,Called_Sites,Background
EGR1_25,0.00202242407039455,Called_Sites,Background
EGR1_25,0.002029520295202952,Called_Sites,Background
EGR1_25,0.0023062730627306273,Called_Sites,Background
EGR1_25,0.0022565994890718136,Called_Sites,Background
EGR1_25,0.002313369287539029,Called_Sites,Background
EGR1_25,0.0022069259154130004,Called_Sites,Background
EGR1_30,0.002016790957272173,Called_Sites,Background
EGR1_30,0.0022513015336991698,Called_Sites,Background
EGR1_30,0.0022356674952707036,Called_Sites,Background
EGR1_30,0.0022825696105561026,Called_Sites,Background
EGR1_30,0.0020636930725575725,Called_Sites,Background
EGR1_30,0.0022513015336991698,Called_Sites,Background
EGR1_30,0.002157497303128371,Called_Sites,Background
EGR1_30,0.0019073526882729078,Called_Sites,Background
EGR1_30,0.001844816534559042,Called_Sites,Background
EGR1_30,0.0020324249957006392,Called_Sites,Background
EGR1_30,0.0019855228804152403,Called_Sites,Background
EGR1_30,0.0019855228804152403,Called_Sites,Background
EGR1_30,0.0017510123039882431,Called_Sites,Background
EGR1_30,0.002220033456842237,Called_Sites,Background
EGR1_30,0.001610305958132045,Called_Sites,Background
EGR1_30,0.0020324249957006392,Called_Sites,Background
EGR1_30,0.0019073526882729078,Called_Sites,Background
EGR1_30,0.002188765379985304,Called_Sites,Background
EGR1_30,0.002110595187842972,Called_Sites,Background
EGR1_30,0.0018760846114159748,Called_Sites,Background
EGR1_30,0.0023763738411269014,Called_Sites,Background
EGR1_30,0.0020949611494145053,Called_Sites,Background
EGR1_30,0.0020324249957006392,Called_Sites,Background
EGR1_30,0.002188765379985304,Called_Sites,Background
EGR1_30,0.0019229867267013742,Called_Sites,Background
EGR1_30,0.0023763738411269014,Called_Sites,Background
EGR1_30,0.0019229867267013742,Called_Sites,Background
EGR1_30,0.0021418632646999047,Called_Sites,Background
EGR1_30,0.0024389099948407674,Called_Sites,Background
EGR1_30,0.0020011569188437064,Called_Sites,Background
EGR1_30,0.002329471725841502,Called_Sites,Background
EGR1_30,0.001844816534559042,Called_Sites,Background
EGR1_30,0.0021731313415568375,Called_Sites,Background
EGR1_30,0.0020793271109860387,Called_Sites,Background
EGR1_30,0.0022513015336991698,Called_Sites,Background
EGR1_30,0.0019229867267013742,Called_Sites,Background
EGR1_30,0.0022043994184137703,Called_Sites,Background
EGR1_30,0.002188765379985304,Called_Sites,Background
EGR1_30,0.0020793271109860387,Called_Sites,Background
EGR1_30,0.001844816534559042,Called_Sites,Background
EGR1_30,0.0020949611494145053,Called_Sites,Background
EGR1_30,0.0017822803808451762,Called_Sites,Background
EGR1_30,0.0018604505729875084,Called_Sites,Background
EGR1_30,0.0017353782655597767,Called_Sites,Background
EGR1_30,0.002048059034129106,Called_Sites,Background
EGR1_30,0.002126229226271438,Called_Sites,Background
EGR1_30,0.002016790957272173,Called_Sites,Background
EGR1_30,0.0020636930725575725,Called_Sites,Background
EGR1_30,0.0019855228804152403,Called_Sites,Background
EGR1_30,0.0023763738411269014,Called_Sites,Background
EGR1_30,0.0022043994184137703,Called_Sites,Background
EGR1_30,0.0018760846114159748,Called_Sites,Background
EGR1_30,0.001954254803558307,Called_Sites,Background
EGR1_30,0.002016790957272173,Called_Sites,Background
EGR1_30,0.0020949611494145053,Called_Sites,Background
EGR1_30,0.0020793271109860387,Called_Sites,Background
EGR1_30,0.0022513015336991698,Called_Sites,Background
EGR1_30,0.002188765379985304,Called_Sites,Background
EGR1_30,0.0019073526882729078,Called_Sites,Background
EGR1_30,0.0020793271109860387,Called_Sites,Background
EGR1_30,0.002048059034129106,Called_Sites,Background
EGR1_30,0.002313837687413036,Called_Sites,Background
EGR1_30,0.0017510123039882431,Called_Sites,Background
EGR1_30,0.002126229226271438,Called_Sites,Background
EGR1_30,0.0022669355721276364,Called_Sites,Background
EGR1_30,0.0018917186498444414,Called_Sites,Background
EGR1_30,0.002313837687413036,Called_Sites,Background
EGR1_30,0.002485812110126167,Called_Sites,Background
EGR1_30,0.002016790957272173,Called_Sites,Background
EGR1_30,0.002157497303128371,Called_Sites,Background
EGR1_30,0.002157497303128371,Called_Sites,Background
EGR1_30,0.0023451057642699686,Called_Sites,Background
EGR1_30,0.002048059034129106,Called_Sites,Background
EGR1_30,0.002048059034129106,Called_Sites,Background
EGR1_30,0.0020793271109860387,Called_Sites,Background
EGR1_30,0.002485812110126167,Called_Sites,Background
EGR1_30,0.002016790957272173,Called_Sites,Background
EGR1_30,0.002016790957272173,Called_Sites,Background
EGR1_30,0.002126229226271438,Called_Sites,Background
EGR1_30,0.002407641917983834,Called_Sites,Background
EGR1_30,0.002157497303128371,Called_Sites,Background
EGR1_30,0.0022513015336991698,Called_Sites,Background
EGR1_30,0.0022669355721276364,Called_Sites,Background
EGR1_30,0.0022356674952707036,Called_Sites,Background
EGR1_30,0.0020324249957006392,Called_Sites,Background
EGR1_30,0.0019386207651298406,Called_Sites,Background
EGR1_30,0.001844816534559042,Called_Sites,Background
EGR1_30,0.0019073526882729078,Called_Sites,Background
EGR1_30,0.0021731313415568375,Called_Sites,Background
EGR1_30,0.0019073526882729078,Called_Sites,Background
EGR1_30,0.001954254803558307,Called_Sites,Background
EGR1_30,0.002048059034129106,Called_Sites,Background
EGR1_30,0.0022043994184137703,Called_Sites,Background
EGR1_30,0.001954254803558307,Called_Sites,Background
EGR1_30,0.001954254803558307,Called_Sites,Background
EGR1_30,0.0020636930725575725,Called_Sites,Background
EGR1_30,0.0020636930725575725,Called_Sites,Background
EGR1_30,0.0022825696105561026,Called_Sites,Background
EGR1_30,0.0022669355721276364,Called_Sites,Background
EGR1_30,0.0021418632646999047,Called_Sites,Background
EGR1_pwm,0.006923632485555375,Called_Sites,Background
EGR1_pwm,0.006965818888708893,Called_Sites,Background
EGR1_pwm,0.007053566607268211,Called_Sites,Background
EGR1_pwm,0.006798760732220962,Called_Sites,Background
EGR1_pwm,0.006972568713213456,Called_Sites,Background
EGR1_pwm,0.00688650845078028,Called_Sites,Background
EGR1_pwm,0.007134564501322965,Called_Sites,Background
EGR1_pwm,0.006906757924293968,Called_Sites,Background
EGR1_pwm,0.00695738160807819,Called_Sites,Background
EGR1_pwm,0.007222312219882283,Called_Sites,Background
EGR1_pwm,0.006921945029429235,Called_Sites,Background
EGR1_pwm,0.0068595091527620285,Called_Sites,Background
EGR1_pwm,0.007041754414385226,Called_Sites,Background
EGR1_pwm,0.00700294292348399,Called_Sites,Background
EGR1_pwm,0.006994505642853286,Called_Sites,Background
EGR1_pwm,0.006810572925103947,Called_Sites,Background
EGR1_pwm,0.006935444678438361,Called_Sites,Background
EGR1_pwm,0.007051879151142071,Called_Sites,Background
EGR1_pwm,0.006736324855553756,Called_Sites,Background
EGR1_pwm,0.006871321345645013,Called_Sites,Background
EGR1_pwm,0.00691013283654625,Called_Sites,Background
EGR1_pwm,0.006942194502942924,Called_Sites,Background
EGR1_pwm,0.007117689940061558,Called_Sites,Background
EGR1_pwm,0.006726200118796911,Called_Sites,Background
EGR1_pwm,0.007048504238889789,Called_Sites,Background
EGR1_pwm,0.0069826934499703005,Called_Sites,Background
EGR1_pwm,0.007009692747988553,Called_Sites,Background
EGR1_pwm,0.007055254063394352,Called_Sites,Background
EGR1_pwm,0.0070738160807818995,Called_Sites,Background
EGR1_pwm,0.0070738160807818995,Called_Sites,Background
EGR1_pwm,0.007065378800151196,Called_Sites,Background
EGR1_pwm,0.006991130730601004,Called_Sites,Background
EGR1_pwm,0.007250998974026675,Called_Sites,Background
EGR1_pwm,0.007043441870511367,Called_Sites,Background
EGR1_pwm,0.006932069766186079,Called_Sites,Background
EGR1_pwm,0.006819010205734651,Called_Sites,Background
EGR1_pwm,0.007112627571683136,Called_Sites,Background
EGR1_pwm,0.007117689940061558,Called_Sites,Background
EGR1_pwm,0.006927007397807657,Called_Sites,Background
EGR1_pwm,0.007006317835736271,Called_Sites,Background
EGR1_pwm,0.007029942221502241,Called_Sites,Background
EGR1_pwm,0.007095753010421729,Called_Sites,Background
EGR1_pwm,0.006918570117176954,Called_Sites,Background
EGR1_pwm,0.007197000377990172,Called_Sites,Background
EGR1_pwm,0.007095753010421729,Called_Sites,Background
EGR1_pwm,0.006857821696635887,Called_Sites,Background
EGR1_pwm,0.0070670662562773365,Called_Sites,Background
EGR1_pwm,0.006827447486365355,Called_Sites,Background
EGR1_pwm,0.006987755818348723,Called_Sites,Background
EGR1_pwm,0.007058628975646633,Called_Sites,Background
EGR1_pwm,0.006918570117176954,Called_Sites,Background
EGR1_pwm,0.0070670662562773365,Called_Sites,Background
EGR1_pwm,0.006935444678438361,Called_Sites,Background
EGR1_pwm,0.007188563097359469,Called_Sites,Background
EGR1_pwm,0.006965818888708893,Called_Sites,Background
EGR1_pwm,0.006974256169339597,Called_Sites,Background
EGR1_pwm,0.0070316296776283815,Called_Sites,Background
EGR1_pwm,0.006937132134564501,Called_Sites,Background
EGR1_pwm,0.006810572925103947,Called_Sites,Background
EGR1_pwm,0.007065378800151196,Called_Sites,Background
EGR1_pwm,0.006937132134564501,Called_Sites,Background
EGR1_pwm,0.006974256169339597,Called_Sites,Background
EGR1_pwm,0.006923632485555375,Called_Sites,Background
EGR1_pwm,0.006812260381230088,Called_Sites,Background
EGR1_pwm,0.0070771909930341815,Called_Sites,Background
EGR1_pwm,0.006996193098979427,Called_Sites,Background
EGR1_pwm,0.006918570117176954,Called_Sites,Background
EGR1_pwm,0.007065378800151196,Called_Sites,Background
EGR1_pwm,0.007082253361412603,Called_Sites,Background
EGR1_pwm,0.006938819590690642,Called_Sites,Background
EGR1_pwm,0.0070738160807818995,Called_Sites,Background
EGR1_pwm,0.007105877747178573,Called_Sites,Background
EGR1_pwm,0.007045129326637508,Called_Sites,Background
EGR1_pwm,0.006991130730601004,Called_Sites,Background
EGR1_pwm,0.006643514768616016,Called_Sites,Background
EGR1_pwm,0.00698100599384416,Called_Sites,Background
EGR1_pwm,0.006920257573303094,Called_Sites,Background
EGR1_pwm,0.006991130730601004,Called_Sites,Background
EGR1_pwm,0.006874696257897294,Called_Sites,Background
EGR1_pwm,0.006964131432582753,Called_Sites,Background
EGR1_pwm,0.006960756520330472,Called_Sites,Background
EGR1_pwm,0.007045129326637508,Called_Sites,Background
EGR1_pwm,0.007053566607268211,Called_Sites,Background
EGR1_pwm,0.007178438360602625,Called_Sites,Background
EGR1_pwm,0.007072128624655759,Called_Sites,Background
EGR1_pwm,0.0070316296776283815,Called_Sites,Background
EGR1_pwm,0.0070704411685296184,Called_Sites,Background
EGR1_pwm,0.007011380204114693,Called_Sites,Background
EGR1_pwm,0.0072071251147470166,Called_Sites,Background
EGR1_pwm,0.007180125816728765,Called_Sites,Background
EGR1_pwm,0.006835884766996058,Called_Sites,Background
EGR1_pwm,0.007352246341595118,Called_Sites,Background
EGR1_pwm,0.006785261083211837,Called_Sites,Background
EGR1_pwm,0.006798760732220962,Called_Sites,Background
EGR1_pwm,0.00709912792267401,Called_Sites,Background
EGR1_pwm,0.006906757924293968,Called_Sites,Background
EGR1_pwm,0.0068071980128516655,Called_Sites,Background
EGR1_pwm,0.0067228252065446295,Called_Sites,Background
EGR1_pwm,0.0067920109077164,Called_Sites,Background
EGR1_pwm,0.007048504238889789,Called_Sites,Background
CREB1_20,0.0072710230316015,Called_Sites,Measured
CREB1_25,0.005772356361321024,Called_Sites,Measured
CREB1_30,0.005799218179475063,Called_Sites,Measured
CREB1_pwm,0.008852028706263438,Called_Sites,Measured
EGR1_20,0.005735479916438373,Called_Sites,Measured
EGR1_25,0.005904059040590406,Called_Sites,Measured
EGR1_30,0.006675734408955177,Called_Sites,Measured
EGR1_pwm,0.00817741238727793,Called_Sites,Measured
CREB1_20,0.005466657739689341,Shuffled_Sites,Background
CREB1_20,0.0054867434386716655,Shuffled_Sites,Background
CREB1_20,0.00534279592929834,Shuffled_Sites,Background
CREB1_20,0.005409748259239421,Shuffled_Sites,Background
CREB1_20,0.00541644349223353,Shuffled_Sites,Background
CREB1_20,0.005232324584895555,Shuffled_Sites,Background
CREB1_20,0.005403053026245314,Shuffled_Sites,Background
CREB1_20,0.005530262453133369,Shuffled_Sites,Background
CREB1_20,0.0052524102838778786,Shuffled_Sites,Background
CREB1_20,0.005279191215854312,Shuffled_Sites,Background
CREB1_20,0.005265800749866096,Shuffled_Sites,Background
CREB1_20,0.0052289769683985,Shuffled_Sites,Background
CREB1_20,0.0054398768077129084,Shuffled_Sites,Background
CREB1_20,0.005282538832351366,Shuffled_Sites,Background
CREB1_20,0.005446572040707017,Shuffled_Sites,Background
CREB1_20,0.005319362613818961,Shuffled_Sites,Background
CREB1_20,0.005215586502410284,Shuffled_Sites,Background
CREB1_20,0.005172067487948581,Shuffled_Sites,Background
CREB1_20,0.0052356722013926086,Shuffled_Sites,Background
CREB1_20,0.005259105516871987,Shuffled_Sites,Background
CREB1_20,0.005239019817889662,Shuffled_Sites,Background
CREB1_20,0.0052524102838778786,Shuffled_Sites,Background
CREB1_20,0.005309319764327799,Shuffled_Sites,Background
CREB1_20,0.005232324584895555,Shuffled_Sites,Background
CREB1_20,0.0053762720942688805,Shuffled_Sites,Background
CREB1_20,0.005453267273701125,Shuffled_Sites,Background
CREB1_20,0.005459962506695233,Shuffled_Sites,Background
CREB1_20,0.005513524370648099,Shuffled_Sites,Background
CREB1_20,0.005295929298339583,Shuffled_Sites,Background
CREB1_20,0.005198848419925013,Shuffled_Sites,Background
CREB1_20,0.005426486341724692,Shuffled_Sites,Background
CREB1_20,0.005195500803427959,Shuffled_Sites,Background
CREB1_20,0.00535953401178361,Shuffled_Sites,Background
CREB1_20,0.0053461435457953935,Shuffled_Sites,Background
CREB1_20,0.00534279592929834,Shuffled_Sites,Background
CREB1_20,0.0054331815747188,Shuffled_Sites,Background
CREB1_20,0.005406400642742368,Shuffled_Sites,Background
CREB1_20,0.005386314943760043,Shuffled_Sites,Background
CREB1_20,0.0053762720942688805,Shuffled_Sites,Background
CREB1_20,0.005356186395286556,Shuffled_Sites,Background
CREB1_20,0.005473352972683449,Shuffled_Sites,Background
CREB1_20,0.005259105516871987,Shuffled_Sites,Background
CREB1_20,0.0056273433315479375,Shuffled_Sites,Background
CREB1_20,0.0053762720942688805,Shuffled_Sites,Background
CREB1_20,0.0053160149973219065,Shuffled_Sites,Background
CREB1_20,0.005429833958221746,Shuffled_Sites,Background
CREB1_20,0.005540305302624531,Shuffled_Sites,Background
CREB1_20,0.0055470005356186396,Shuffled_Sites,Background
CREB1_20,0.005192153186930905,Shuffled_Sites,Background
CREB1_20,0.005443224424209962,Shuffled_Sites,Background
CREB1_20,0.005530262453133369,Shuffled_Sites,Background
CREB1_20,0.005463310123192287,Shuffled_Sites,Background
CREB1_20,0.005078334226031066,Shuffled_Sites,Background
CREB1_20,0.005483395822174612,Shuffled_Sites,Background
CREB1_20,0.00528588644884842,Shuffled_Sites,Background
CREB1_20,0.005295929298339583,Shuffled_Sites,Background
CREB1_20,0.005399705409748259,Shuffled_Sites,Background
CREB1_20,0.0056106052490626675,Shuffled_Sites,Background
CREB1_20,0.005550348152115693,Shuffled_Sites,Background
CREB1_20,0.005613952865559721,Shuffled_Sites,Background
CREB1_20,0.0053294054633101235,Shuffled_Sites,Background
CREB1_20,0.005409748259239421,Shuffled_Sites,Background
CREB1_20,0.005526914836636315,Shuffled_Sites,Background
CREB1_20,0.0053762720942688805,Shuffled_Sites,Background
CREB1_20,0.005262453133369041,Shuffled_Sites,Background
CREB1_20,0.005570433851098018,Shuffled_Sites,Background
CREB1_20,0.005550348152115693,Shuffled_Sites,Background
CREB1_20,0.00549009105516872,Shuffled_Sites,Background
CREB1_20,0.005332753079807177,Shuffled_Sites,Background
CREB1_20,0.005366229244777718,Shuffled_Sites,Background
CREB1_20,0.005466657739689341,Shuffled_Sites,Background
CREB1_20,0.005336100696304231,Shuffled_Sites,Background
CREB1_20,0.005540305302624531,Shuffled_Sites,Background
CREB1_20,0.005202196036422068,Shuffled_Sites,Background
CREB1_20,0.005413095875736475,Shuffled_Sites,Background
CREB1_20,0.00535953401178361,Shuffled_Sites,Background
CREB1_20,0.0054331815747188,Shuffled_Sites,Background
CREB1_20,0.0052992769148366365,Shuffled_Sites,Background
CREB1_20,0.005262453133369041,Shuffled_Sites,Background
CREB1_20,0.005369576861274772,Shuffled_Sites,Background
CREB1_20,0.005386314943760043,Shuffled_Sites,Background
CREB1_20,0.005295929298339583,Shuffled_Sites,Background
CREB1_20,0.005242367434386717,Shuffled_Sites,Background
CREB1_20,0.005573781467595072,Shuffled_Sites,Background
CREB1_20,0.005510176754151045,Shuffled_Sites,Background
CREB1_20,0.005399705409748259,Shuffled_Sites,Background
CREB1_20,0.005403053026245314,Shuffled_Sites,Background
CREB1_20,0.00558047670058918,Shuffled_Sites,Background
CREB1_20,0.005309319764327799,Shuffled_Sites,Background
CREB1_20,0.004997991430101768,Shuffled_Sites,Background
CREB1_20,0.005443224424209962,Shuffled_Sites,Background
CREB1_20,0.005239019817889662,Shuffled_Sites,Background
CREB1_20,0.005603910016068559,Shuffled_Sites,Background
CREB1_20,0.005553695768612748,Shuffled_Sites,Background
CREB1_20,0.005366229244777718,Shuffled_Sites,Background
CREB1_20,0.005530262453133369,Shuffled_Sites,Background
CREB1_20,0.005309319764327799,Shuffled_Sites,Background
CREB1_20,0.0056373861810391,Shuffled_Sites,Background
CREB1_20,0.005543652919121586,Shuffled_Sites,Background
CREB1_20,0.005510176754151045,Shuffled_Sites,Background
CREB1_25,0.005613176722910139,Shuffled_Sites,Background
CREB1_25,0.005236172316147518,Shuffled_Sites,Background
CREB1_25,0.005177527186206665,Shuffled_Sites,Background
CREB1_25,0.005395351954558402,Shuffled_Sites,Background
CREB1_25,0.005797489988438532,Shuffled_Sites,Background
CREB1_25,0.00529481744608837,Shuffled_Sites,Background
CREB1_25,0.005035103299207453,Shuffled_Sites,Background
CREB1_25,0.005856135118379384,Shuffled_Sites,Background
CREB1_25,0.005537775841557614,Shuffled_Sites,Background
CREB1_25,0.005219416564735846,Shuffled_Sites,Background
CREB1_25,0.005185905061912501,Shuffled_Sites,Background
CREB1_25,0.0052696838189708614,Shuffled_Sites,Background
CREB1_25,0.005403729830264238,Shuffled_Sites,Background
CREB1_25,0.005244550191853353,Shuffled_Sites,Background
CREB1_25,0.00537859620314673,Shuffled_Sites,Background
CREB1_25,0.005319951073205878,Shuffled_Sites,Background
CREB1_25,0.005219416564735846,Shuffled_Sites,Background
CREB1_25,0.005144015683383321,Shuffled_Sites,Background
CREB1_25,0.005035103299207453,Shuffled_Sites,Background
CREB1_25,0.00489267941220824,Shuffled_Sites,Background
CREB1_25,0.005286439570382534,Shuffled_Sites,Background
CREB1_25,0.00537859620314673,Shuffled_Sites,Background
CREB1_25,0.005244550191853353,Shuffled_Sites,Background
CREB1_25,0.005110504180559977,Shuffled_Sites,Background
CREB1_25,0.0053115731975000415,Shuffled_Sites,Background
CREB1_25,0.005236172316147518,Shuffled_Sites,Background
CREB1_25,0.0052696838189708614,Shuffled_Sites,Background
CREB1_25,0.00533670682461755,Shuffled_Sites,Background
CREB1_25,0.004984836044972437,Shuffled_Sites,Background
CREB1_25,0.005303195321794206,Shuffled_Sites,Background
CREB1_25,0.005303195321794206,Shuffled_Sites,Background
CREB1_25,0.005194282937618338,Shuffled_Sites,Background
CREB1_25,0.005445619208793418,Shuffled_Sites,Background
CREB1_25,0.00533670682461755,Shuffled_Sites,Background
CREB1_25,0.005194282937618338,Shuffled_Sites,Background
CREB1_25,0.005629932474321811,Shuffled_Sites,Background
CREB1_25,0.0054372413330875825,Shuffled_Sites,Background
CREB1_25,0.005529397965851779,Shuffled_Sites,Background
CREB1_25,0.005655066101439319,Shuffled_Sites,Background
CREB1_25,0.005219416564735846,Shuffled_Sites,Background
CREB1_25,0.005403729830264238,Shuffled_Sites,Background
CREB1_25,0.005202660813324173,Shuffled_Sites,Background
CREB1_25,0.005713711231380171,Shuffled_Sites,Background
CREB1_25,0.005814245739850204,Shuffled_Sites,Background
CREB1_25,0.005093748429148305,Shuffled_Sites,Background
CREB1_25,0.0056885776042626636,Shuffled_Sites,Background
CREB1_25,0.005889646621202728,Shuffled_Sites,Background
CREB1_25,0.005504264338734271,Shuffled_Sites,Background
CREB1_25,0.005278061694676698,Shuffled_Sites,Background
CREB1_25,0.005219416564735846,Shuffled_Sites,Background
CREB1_25,0.005621554598615975,Shuffled_Sites,Background
CREB1_25,0.005671821852850991,Shuffled_Sites,Background
CREB1_25,0.005093748429148305,Shuffled_Sites,Background
CREB1_25,0.005370218327440894,Shuffled_Sites,Background
CREB1_25,0.005110504180559977,Shuffled_Sites,Background
CREB1_25,0.00529481744608837,Shuffled_Sites,Background
CREB1_25,0.005537775841557614,Shuffled_Sites,Background
CREB1_25,0.0057891121127326955,Shuffled_Sites,Background
CREB1_25,0.005412107705970074,Shuffled_Sites,Background
CREB1_25,0.005370218327440894,Shuffled_Sites,Background
CREB1_25,0.00525292806755919,Shuffled_Sites,Background
CREB1_25,0.005495886463028434,Shuffled_Sites,Background
CREB1_25,0.0052110386890300096,Shuffled_Sites,Background
CREB1_25,0.005403729830264238,Shuffled_Sites,Background
CREB1_25,0.005102126304854141,Shuffled_Sites,Background
CREB1_25,0.005638310350027647,Shuffled_Sites,Background
CREB1_25,0.005730466982791844,Shuffled_Sites,Background
CREB1_25,0.005219416564735846,Shuffled_Sites,Background
CREB1_25,0.0054372413330875825,Shuffled_Sites,Background
CREB1_25,0.005345084700323386,Shuffled_Sites,Background
CREB1_25,0.0053115731975000415,Shuffled_Sites,Background
CREB1_25,0.005462374960205091,Shuffled_Sites,Background
CREB1_25,0.005453997084499254,Shuffled_Sites,Background
CREB1_25,0.00533670682461755,Shuffled_Sites,Background
CREB1_25,0.005487508587322599,Shuffled_Sites,Background
CREB1_25,0.005797489988438532,Shuffled_Sites,Background
CREB1_25,0.005453997084499254,Shuffled_Sites,Background
CREB1_25,0.005152393559089158,Shuffled_Sites,Background
CREB1_25,0.005353462576029222,Shuffled_Sites,Background
CREB1_25,0.005202660813324173,Shuffled_Sites,Background
CREB1_25,0.0058728908697910556,Shuffled_Sites,Background
CREB1_25,0.005445619208793418,Shuffled_Sites,Background
CREB1_25,0.00537859620314673,Shuffled_Sites,Background
CREB1_25,0.005244550191853353,Shuffled_Sites,Background
CREB1_25,0.005655066101439319,Shuffled_Sites,Background
CREB1_25,0.005713711231380171,Shuffled_Sites,Background
CREB1_25,0.005529397965851779,Shuffled_Sites,Background
CREB1_25,0.005671821852850991,Shuffled_Sites,Background
CREB1_25,0.005370218327440894,Shuffled_Sites,Background
CREB1_25,0.005102126304854141,Shuffled_Sites,Background
CREB1_25,0.005571287344380959,Shuffled_Sites,Background
CREB1_25,0.005428863457381746,Shuffled_Sites,Background
CREB1_25,0.005495886463028434,Shuffled_Sites,Background
CREB1_25,0.005546153717263451,Shuffled_Sites,Background
CREB1_25,0.005361840451735058,Shuffled_Sites,Background
CREB1_25,0.005554531592969287,Shuffled_Sites,Background
CREB1_25,0.0054791307116167625,Shuffled_Sites,Background
CREB1_25,0.005722089107086007,Shuffled_Sites,Background
CREB1_25,0.005546153717263451,Shuffled_Sites,Background
CREB1_25,0.005629932474321811,Shuffled_Sites,Background
CREB1_30,0.005326689290777095,Shuffled_Sites,Background
CREB1_30,0.005541475149276172,Shuffled_Sites,Background
CREB1_30,0.00491859615962885,Shuffled_Sites,Background
CREB1_30,0.00528373211907728,Shuffled_Sites,Background
CREB1_30,0.00573478242192534,Shuffled_Sites,Background
CREB1_30,0.005519996563426264,Shuffled_Sites,Background
CREB1_30,0.005412603634176726,Shuffled_Sites,Background
CREB1_30,0.0054770393917264485,Shuffled_Sites,Background
CREB1_30,0.0050689462605782035,Shuffled_Sites,Background
CREB1_30,0.0054770393917264485,Shuffled_Sites,Background
CREB1_30,0.005541475149276172,Shuffled_Sites,Background
CREB1_30,0.00573478242192534,Shuffled_Sites,Background
CREB1_30,0.005197817775677649,Shuffled_Sites,Background
CREB1_30,0.00564886807852571,Shuffled_Sites,Background
CREB1_30,0.005756261007775248,Shuffled_Sites,Background
CREB1_30,0.005348167876627003,Shuffled_Sites,Background
CREB1_30,0.00500451050302848,Shuffled_Sites,Background
CREB1_30,0.005197817775677649,Shuffled_Sites,Background
CREB1_30,0.005605910906825894,Shuffled_Sites,Background
CREB1_30,0.005391125048326818,Shuffled_Sites,Background
CREB1_30,0.0054770393917264485,Shuffled_Sites,Background
CREB1_30,0.005090424846428111,Shuffled_Sites,Background
CREB1_30,0.005047467674728296,Shuffled_Sites,Background
CREB1_30,0.004746767472829589,Shuffled_Sites,Background
CREB1_30,0.00528373211907728,Shuffled_Sites,Background
CREB1_30,0.005305210704927187,Shuffled_Sites,Background
CREB1_30,0.0050689462605782035,Shuffled_Sites,Background
CREB1_30,0.005541475149276172,Shuffled_Sites,Background
CREB1_30,0.005391125048326818,Shuffled_Sites,Background
CREB1_30,0.005197817775677649,Shuffled_Sites,Background
CREB1_30,0.0049615533313286655,Shuffled_Sites,Background
CREB1_30,0.005047467674728296,Shuffled_Sites,Background
CREB1_30,0.0051763391898277415,Shuffled_Sites,Background
CREB1_30,0.005756261007775248,Shuffled_Sites,Background
CREB1_30,0.0049615533313286655,Shuffled_Sites,Background
CREB1_30,0.005863653937024787,Shuffled_Sites,Background
CREB1_30,0.005154860603977834,Shuffled_Sites,Background
CREB1_30,0.005262253533227373,Shuffled_Sites,Background
CREB1_30,0.00556295373512608,Shuffled_Sites,Background
CREB1_30,0.005605910906825894,Shuffled_Sites,Background
CREB1_30,0.005326689290777095,Shuffled_Sites,Background
CREB1_30,0.004639374543580051,Shuffled_Sites,Background
CREB1_30,0.005906611108724601,Shuffled_Sites,Background
CREB1_30,0.006142875553073586,Shuffled_Sites,Background
CREB1_30,0.00601400403797414,Shuffled_Sites,Background
CREB1_30,0.005928089694574509,Shuffled_Sites,Background
CREB1_30,0.005928089694574509,Shuffled_Sites,Background
CREB1_30,0.005412603634176726,Shuffled_Sites,Background
CREB1_30,0.0055844323209759865,Shuffled_Sites,Background
CREB1_30,0.004703810301129774,Shuffled_Sites,Background
CREB1_30,0.005154860603977834,Shuffled_Sites,Background
CREB1_30,0.005498517977576356,Shuffled_Sites,Background
CREB1_30,0.0055844323209759865,Shuffled_Sites,Background
CREB1_30,0.0055844323209759865,Shuffled_Sites,Background
CREB1_30,0.005519996563426264,Shuffled_Sites,Background
CREB1_30,0.0051763391898277415,Shuffled_Sites,Background
CREB1_30,0.00564886807852571,Shuffled_Sites,Background
CREB1_30,0.005691825250225525,Shuffled_Sites,Background
CREB1_30,0.004789724644529404,Shuffled_Sites,Background
CREB1_30,0.005326689290777095,Shuffled_Sites,Background
CREB1_30,0.005455560805876541,Shuffled_Sites,Background
CREB1_30,0.005670346664375618,Shuffled_Sites,Background
CREB1_30,0.005133382018127927,Shuffled_Sites,Background
CREB1_30,0.005713303836075433,Shuffled_Sites,Background
CREB1_30,0.0048541604020791275,Shuffled_Sites,Background
CREB1_30,0.006056961209673955,Shuffled_Sites,Background
CREB1_30,0.005842175351174879,Shuffled_Sites,Background
CREB1_30,0.004746767472829589,Shuffled_Sites,Background
CREB1_30,0.00564886807852571,Shuffled_Sites,Background
CREB1_30,0.0047682460586794964,Shuffled_Sites,Background
CREB1_30,0.00528373211907728,Shuffled_Sites,Background
CREB1_30,0.005111903432278019,Shuffled_Sites,Background
CREB1_30,0.0053696464624769106,Shuffled_Sites,Background
CREB1_30,0.005412603634176726,Shuffled_Sites,Background
CREB1_30,0.005262253533227373,Shuffled_Sites,Background
CREB1_30,0.005799218179475063,Shuffled_Sites,Background
CREB1_30,0.005971046866274325,Shuffled_Sites,Background
CREB1_30,0.005605910906825894,Shuffled_Sites,Background
CREB1_30,0.005627389492675802,Shuffled_Sites,Background
CREB1_30,0.004897117573778942,Shuffled_Sites,Background
CREB1_30,0.006314704239872846,Shuffled_Sites,Background
CREB1_30,0.005605910906825894,Shuffled_Sites,Background
CREB1_30,0.00556295373512608,Shuffled_Sites,Background
CREB1_30,0.005455560805876541,Shuffled_Sites,Background
CREB1_30,0.005799218179475063,Shuffled_Sites,Background
CREB1_30,0.005756261007775248,Shuffled_Sites,Background
CREB1_30,0.005498517977576356,Shuffled_Sites,Background
CREB1_30,0.005519996563426264,Shuffled_Sites,Background
CREB1_30,0.00556295373512608,Shuffled_Sites,Background
CREB1_30,0.005434082220026634,Shuffled_Sites,Background
CREB1_30,0.0053696464624769106,Shuffled_Sites,Background
CREB1_30,0.005412603634176726,Shuffled_Sites,Background
CREB1_30,0.005391125048326818,Shuffled_Sites,Background
CREB1_30,0.006056961209673955,Shuffled_Sites,Background
CREB1_30,0.005133382018127927,Shuffled_Sites,Background
CREB1_30,0.006035482623824047,Shuffled_Sites,Background
CREB1_30,0.005820696765324971,Shuffled_Sites,Background
CREB1_30,0.005992525452124232,Shuffled_Sites,Background
CREB1_30,0.0051763391898277415,Shuffled_Sites,Background
CREB1_30,0.005519996563426264,Shuffled_Sites,Background
CREB1_pwm,0.005906006534305102,Shuffled_Sites,Background
CREB1_pwm,0.005473178632263829,Shuffled_Sites,Background
CREB1_pwm,0.005193934824495267,Shuffled_Sites,Background
CREB1_pwm,0.005110161682164698,Shuffled_Sites,Background
CREB1_pwm,0.005529027393817542,Shuffled_Sites,Background
CREB1_pwm,0.005277707966825836,Shuffled_Sites,Background
CREB1_pwm,0.005305632347602692,Shuffled_Sites,Background
CREB1_pwm,0.005892044343916674,Shuffled_Sites,Background
CREB1_pwm,0.005403367680321689,Shuffled_Sites,Background
CREB1_pwm,0.005110161682164698,Shuffled_Sites,Background
CREB1_pwm,0.0051241238725531265,Shuffled_Sites,Background
CREB1_pwm,0.005333556728379548,Shuffled_Sites,Background
CREB1_pwm,0.005333556728379548,Shuffled_Sites,Background
CREB1_pwm,0.00531959453799112,Shuffled_Sites,Background
CREB1_pwm,0.005836195582362961,Shuffled_Sites,Background
CREB1_pwm,0.005026388539834129,Shuffled_Sites,Background
CREB1_pwm,0.005026388539834129,Shuffled_Sites,Background
CREB1_pwm,0.005235821395660551,Shuffled_Sites,Background
CREB1_pwm,0.005054312920610985,Shuffled_Sites,Background
CREB1_pwm,0.005235821395660551,Shuffled_Sites,Background
CREB1_pwm,0.005207897014883695,Shuffled_Sites,Background
CREB1_pwm,0.00531959453799112,Shuffled_Sites,Background
CREB1_pwm,0.005445254251486974,Shuffled_Sites,Background
CREB1_pwm,0.005054312920610985,Shuffled_Sites,Background
CREB1_pwm,0.005277707966825836,Shuffled_Sites,Background
CREB1_pwm,0.005193934824495267,Shuffled_Sites,Background
CREB1_pwm,0.00509619949177627,Shuffled_Sites,Background
CREB1_pwm,0.005710535868867108,Shuffled_Sites,Background
CREB1_pwm,0.005152048253329982,Shuffled_Sites,Background
CREB1_pwm,0.005263745776437408,Shuffled_Sites,Background
CREB1_pwm,0.0056128005361481105,Shuffled_Sites,Background
CREB1_pwm,0.005012426349445701,Shuffled_Sites,Background
CREB1_pwm,0.005515065203429114,Shuffled_Sites,Background
CREB1_pwm,0.005152048253329982,Shuffled_Sites,Background
CREB1_pwm,0.0049426153975035605,Shuffled_Sites,Background
CREB1_pwm,0.005850157772751389,Shuffled_Sites,Background
CREB1_pwm,0.005473178632263829,Shuffled_Sites,Background
CREB1_pwm,0.005584876155371255,Shuffled_Sites,Background
CREB1_pwm,0.005696573678478679,Shuffled_Sites,Background
CREB1_pwm,0.005417329870710117,Shuffled_Sites,Background
CREB1_pwm,0.005249783586048979,Shuffled_Sites,Background
CREB1_pwm,0.005193934824495267,Shuffled_Sites,Background
CREB1_pwm,0.005878082153528245,Shuffled_Sites,Background
CREB1_pwm,0.005626762726536539,Shuffled_Sites,Background
CREB1_pwm,0.005207897014883695,Shuffled_Sites,Background
CREB1_pwm,0.0053894054899332605,Shuffled_Sites,Background
CREB1_pwm,0.005682611488090252,Shuffled_Sites,Background
CREB1_pwm,0.005277707966825836,Shuffled_Sites,Background
CREB1_pwm,0.0051241238725531265,Shuffled_Sites,Background
CREB1_pwm,0.005193934824495267,Shuffled_Sites,Background
CREB1_pwm,0.0057524224400323926,Shuffled_Sites,Background
CREB1_pwm,0.005975817486247243,Shuffled_Sites,Background
CREB1_pwm,0.0049426153975035605,Shuffled_Sites,Background
CREB1_pwm,0.005291670157214263,Shuffled_Sites,Background
CREB1_pwm,0.004970539778280417,Shuffled_Sites,Background
CREB1_pwm,0.005221859205272123,Shuffled_Sites,Background
CREB1_pwm,0.005682611488090252,Shuffled_Sites,Background
CREB1_pwm,0.00614336377090838,Shuffled_Sites,Background
CREB1_pwm,0.005738460249643964,Shuffled_Sites,Background
CREB1_pwm,0.005864119963139817,Shuffled_Sites,Background
CREB1_pwm,0.005249783586048979,Shuffled_Sites,Background
CREB1_pwm,0.005459216441875401,Shuffled_Sites,Background
CREB1_pwm,0.005207897014883695,Shuffled_Sites,Background
CREB1_pwm,0.005459216441875401,Shuffled_Sites,Background
CREB1_pwm,0.005207897014883695,Shuffled_Sites,Background
CREB1_pwm,0.005487140822652258,Shuffled_Sites,Background
CREB1_pwm,0.005682611488090252,Shuffled_Sites,Background
CREB1_pwm,0.005193934824495267,Shuffled_Sites,Background
CREB1_pwm,0.005556951774594398,Shuffled_Sites,Background
CREB1_pwm,0.005012426349445701,Shuffled_Sites,Background
CREB1_pwm,0.005263745776437408,Shuffled_Sites,Background
CREB1_pwm,0.005584876155371255,Shuffled_Sites,Background
CREB1_pwm,0.005515065203429114,Shuffled_Sites,Background
CREB1_pwm,0.005473178632263829,Shuffled_Sites,Background
CREB1_pwm,0.005501103013040686,Shuffled_Sites,Background
CREB1_pwm,0.005822233391974533,Shuffled_Sites,Background
CREB1_pwm,0.005431292061098545,Shuffled_Sites,Background
CREB1_pwm,0.0051241238725531265,Shuffled_Sites,Background
CREB1_pwm,0.005473178632263829,Shuffled_Sites,Background
CREB1_pwm,0.005417329870710117,Shuffled_Sites,Background
CREB1_pwm,0.0057943090111976766,Shuffled_Sites,Background
CREB1_pwm,0.005277707966825836,Shuffled_Sites,Background
CREB1_pwm,0.00487280444556142,Shuffled_Sites,Background
CREB1_pwm,0.00554298958420597,Shuffled_Sites,Background
CREB1_pwm,0.00554298958420597,Shuffled_Sites,Background
CREB1_pwm,0.005668649297701824,Shuffled_Sites,Background
CREB1_pwm,0.005403367680321689,Shuffled_Sites,Background
CREB1_pwm,0.0057524224400323926,Shuffled_Sites,Background
CREB1_pwm,0.005026388539834129,Shuffled_Sites,Background
CREB1_pwm,0.005152048253329982,Shuffled_Sites,Background
CREB1_pwm,0.005277707966825836,Shuffled_Sites,Background
CREB1_pwm,0.005668649297701824,Shuffled_Sites,Background
CREB1_pwm,0.005459216441875401,Shuffled_Sites,Background
CREB1_pwm,0.0057943090111976766,Shuffled_Sites,Background
CREB1_pwm,0.005417329870710117,Shuffled_Sites,Background
CREB1_pwm,0.00531959453799112,Shuffled_Sites,Background
CREB1_pwm,0.005459216441875401,Shuffled_Sites,Background
CREB1_pwm,0.005654687107313395,Shuffled_Sites,Background
CREB1_pwm,0.005501103013040686,Shuffled_Sites,Background
CREB1_pwm,0.005556951774594398,Shuffled_Sites,Background
EGR1_20,0.0055634780650729914,Shuffled_Sites,Background
EGR1_20,0.005525950388411453,Shuffled_Sites,Background
EGR1_20,0.005357075843434533,Shuffled_Sites,Background
EGR1_20,0.0054227492775922245,Shuffled_Sites,Background
EGR1_20,0.005485295405361454,Shuffled_Sites,Background
EGR1_20,0.005294529715665303,Shuffled_Sites,Background
EGR1_20,0.005338312005103764,Shuffled_Sites,Background
EGR1_20,0.00543525850314607,Shuffled_Sites,Background
EGR1_20,0.005294529715665303,Shuffled_Sites,Background
EGR1_20,0.005219474362342227,Shuffled_Sites,Background
EGR1_20,0.005228856281507612,Shuffled_Sites,Background
EGR1_20,0.005266383958169149,Shuffled_Sites,Background
EGR1_20,0.005357075843434533,Shuffled_Sites,Background
EGR1_20,0.005360203149822994,Shuffled_Sites,Background
EGR1_20,0.005297657022053765,Shuffled_Sites,Background
EGR1_20,0.005363330456211456,Shuffled_Sites,Background
EGR1_20,0.005235110894284535,Shuffled_Sites,Background
EGR1_20,0.005335184698715302,Shuffled_Sites,Background
EGR1_20,0.005191328604846074,Shuffled_Sites,Background
EGR1_20,0.005291402409276841,Shuffled_Sites,Background
EGR1_20,0.005197583217622997,Shuffled_Sites,Background
EGR1_20,0.005278893183722996,Shuffled_Sites,Background
EGR1_20,0.005303911634830688,Shuffled_Sites,Background
EGR1_20,0.00528827510288838,Shuffled_Sites,Background
EGR1_20,0.005341439311492225,Shuffled_Sites,Background
EGR1_20,0.005569732677849914,Shuffled_Sites,Background
EGR1_20,0.0054477677286999164,Shuffled_Sites,Background
EGR1_20,0.005466531567030685,Shuffled_Sites,Background
EGR1_20,0.005291402409276841,Shuffled_Sites,Background
EGR1_20,0.005210092443176843,Shuffled_Sites,Background
EGR1_20,0.005419621971203763,Shuffled_Sites,Background
EGR1_20,0.005231983587896074,Shuffled_Sites,Background
EGR1_20,0.005313293553996072,Shuffled_Sites,Background
EGR1_20,0.005394603520096071,Shuffled_Sites,Background
EGR1_20,0.00520383783039992,Shuffled_Sites,Background
EGR1_20,0.005416494664815301,Shuffled_Sites,Background
EGR1_20,0.005416494664815301,Shuffled_Sites,Background
EGR1_20,0.00528827510288838,Shuffled_Sites,Background
EGR1_20,0.0053789669881537635,Shuffled_Sites,Background
EGR1_20,0.005228856281507612,Shuffled_Sites,Background
EGR1_20,0.00543525850314607,Shuffled_Sites,Background
EGR1_20,0.005303911634830688,Shuffled_Sites,Background
EGR1_20,0.005597878435346068,Shuffled_Sites,Background
EGR1_20,0.0053070389412191495,Shuffled_Sites,Background
EGR1_20,0.0052851477964999186,Shuffled_Sites,Background
EGR1_20,0.005347693924269149,Shuffled_Sites,Background
EGR1_20,0.005550968839519145,Shuffled_Sites,Background
EGR1_20,0.005466531567030685,Shuffled_Sites,Background
EGR1_20,0.005185073992069151,Shuffled_Sites,Background
EGR1_20,0.005485295405361454,Shuffled_Sites,Background
EGR1_20,0.005510313856469146,Shuffled_Sites,Background
EGR1_20,0.0054696588734191465,Shuffled_Sites,Background
EGR1_20,0.005131909783465305,Shuffled_Sites,Background
EGR1_20,0.005366457762599917,Shuffled_Sites,Background
EGR1_20,0.005282020490111458,Shuffled_Sites,Background
EGR1_20,0.00532893008593838,Shuffled_Sites,Background
EGR1_20,0.005557223452296069,Shuffled_Sites,Background
EGR1_20,0.005588496516180683,Shuffled_Sites,Background
EGR1_20,0.005566605371461453,Shuffled_Sites,Background
EGR1_20,0.005479040792584531,Shuffled_Sites,Background
EGR1_20,0.005260129345392227,Shuffled_Sites,Background
EGR1_20,0.005432131196757609,Shuffled_Sites,Background
EGR1_20,0.005532205001188377,Shuffled_Sites,Background
EGR1_20,0.005372712375376841,Shuffled_Sites,Background
EGR1_20,0.005322675473161457,Shuffled_Sites,Background
EGR1_20,0.0055384596139652995,Shuffled_Sites,Background
EGR1_20,0.00562289688645376,Shuffled_Sites,Background
EGR1_20,0.0053789669881537635,Shuffled_Sites,Background
EGR1_20,0.005360203149822994,Shuffled_Sites,Background
EGR1_20,0.0052382382006729965,Shuffled_Sites,Background
EGR1_20,0.005510313856469146,Shuffled_Sites,Background
EGR1_20,0.005394603520096071,Shuffled_Sites,Background
EGR1_20,0.005566605371461453,Shuffled_Sites,Background
EGR1_20,0.005197583217622997,Shuffled_Sites,Background
EGR1_20,0.005282020490111458,Shuffled_Sites,Background
EGR1_20,0.005382094294542225,Shuffled_Sites,Background
EGR1_20,0.005319548166772995,Shuffled_Sites,Background
EGR1_20,0.00532893008593838,Shuffled_Sites,Background
EGR1_20,0.0052413655070614575,Shuffled_Sites,Background
EGR1_20,0.005294529715665303,Shuffled_Sites,Background
EGR1_20,0.005544714226742222,Shuffled_Sites,Background
EGR1_20,0.0052851477964999186,Shuffled_Sites,Background
EGR1_20,0.005222601668730689,Shuffled_Sites,Background
EGR1_20,0.005472786179807608,Shuffled_Sites,Background
EGR1_20,0.005460276954253762,Shuffled_Sites,Background
EGR1_20,0.0053070389412191495,Shuffled_Sites,Background
EGR1_20,0.005388348907319148,Shuffled_Sites,Background
EGR1_20,0.005629151499230683,Shuffled_Sites,Background
EGR1_20,0.0053539485370460715,Shuffled_Sites,Background
EGR1_20,0.005003690221538385,Shuffled_Sites,Background
EGR1_20,0.005454022341476839,Shuffled_Sites,Background
EGR1_20,0.005375839681765302,Shuffled_Sites,Background
EGR1_20,0.005482168098972993,Shuffled_Sites,Background
EGR1_20,0.005488422711749916,Shuffled_Sites,Background
EGR1_20,0.0052413655070614575,Shuffled_Sites,Background
EGR1_20,0.005510313856469146,Shuffled_Sites,Background
EGR1_20,0.005394603520096071,Shuffled_Sites,Background
EGR1_20,0.005419621971203763,Shuffled_Sites,Background
EGR1_20,0.0055165684692460686,Shuffled_Sites,Background
EGR1_20,0.005694824933388374,Shuffled_Sites,Background
EGR1_25,0.005542151575361908,Shuffled_Sites,Background
EGR1_25,0.005251206358217428,Shuffled_Sites,Background
EGR1_25,0.0051376667612829975,Shuffled_Sites,Background
EGR1_25,0.005350553505535056,Shuffled_Sites,Background
EGR1_25,0.0057195571955719554,Shuffled_Sites,Background
EGR1_25,0.005364745955151859,Shuffled_Sites,Background
EGR1_25,0.005173147885325007,Shuffled_Sites,Background
EGR1_25,0.005946636389440817,Shuffled_Sites,Background
EGR1_25,0.005449900652852682,Shuffled_Sites,Background
EGR1_25,0.005300879931876242,Shuffled_Sites,Background
EGR1_25,0.005208629009367017,Shuffled_Sites,Background
EGR1_25,0.005307976156684643,Shuffled_Sites,Background
EGR1_25,0.0056060175986375246,Shuffled_Sites,Background
EGR1_25,0.005307976156684643,Shuffled_Sites,Background
EGR1_25,0.005506670451319898,Shuffled_Sites,Background
EGR1_25,0.005400227079193869,Shuffled_Sites,Background
EGR1_25,0.00525830258302583,Shuffled_Sites,Background
EGR1_25,0.005237013908600625,Shuffled_Sites,Background
EGR1_25,0.005009934714731763,Shuffled_Sites,Background
EGR1_25,0.005017030939540165,Shuffled_Sites,Background
EGR1_25,0.005315072381493046,Shuffled_Sites,Background
EGR1_25,0.005378938404768663,Shuffled_Sites,Background
EGR1_25,0.005237013908600625,Shuffled_Sites,Background
EGR1_25,0.005158955435708203,Shuffled_Sites,Background
EGR1_25,0.005272495032642634,Shuffled_Sites,Background
EGR1_25,0.005364745955151859,Shuffled_Sites,Background
EGR1_25,0.00525830258302583,Shuffled_Sites,Background
EGR1_25,0.00532926483110985,Shuffled_Sites,Background
EGR1_25,0.005144762986091399,Shuffled_Sites,Background
EGR1_25,0.005130570536474596,Shuffled_Sites,Background
EGR1_25,0.005279591257451036,Shuffled_Sites,Background
EGR1_25,0.005315072381493046,Shuffled_Sites,Background
EGR1_25,0.0054144195288106725,Shuffled_Sites,Background
EGR1_25,0.0054428044280442804,Shuffled_Sites,Background
EGR1_25,0.005095089412432586,Shuffled_Sites,Background
EGR1_25,0.005712460970763554,Shuffled_Sites,Background
EGR1_25,0.005300879931876242,Shuffled_Sites,Background
EGR1_25,0.005428611978427477,Shuffled_Sites,Background
EGR1_25,0.0057692307692307696,Shuffled_Sites,Background
EGR1_25,0.005272495032642634,Shuffled_Sites,Background
EGR1_25,0.0054428044280442804,Shuffled_Sites,Background
EGR1_25,0.005251206358217428,Shuffled_Sites,Background
EGR1_25,0.005620210048254329,Shuffled_Sites,Background
EGR1_25,0.00573374964518876,Shuffled_Sites,Background
EGR1_25,0.005116378086857791,Shuffled_Sites,Background
EGR1_25,0.005726653420380358,Shuffled_Sites,Background
EGR1_25,0.0056627873971047404,Shuffled_Sites,Background
EGR1_25,0.005421515753619074,Shuffled_Sites,Background
EGR1_25,0.005364745955151859,Shuffled_Sites,Background
EGR1_25,0.005251206358217428,Shuffled_Sites,Background
EGR1_25,0.005556344024978711,Shuffled_Sites,Background
EGR1_25,0.005563440249787113,Shuffled_Sites,Background
EGR1_25,0.00507380073800738,Shuffled_Sites,Background
EGR1_25,0.0055492478001703096,Shuffled_Sites,Background
EGR1_25,0.005272495032642634,Shuffled_Sites,Background
EGR1_25,0.005279591257451036,Shuffled_Sites,Background
EGR1_25,0.005726653420380358,Shuffled_Sites,Background
EGR1_25,0.0057692307692307696,Shuffled_Sites,Background
EGR1_25,0.005102185637240988,Shuffled_Sites,Background
EGR1_25,0.005229917683792222,Shuffled_Sites,Background
EGR1_25,0.005265398807834232,Shuffled_Sites,Background
EGR1_25,0.005584728924212319,Shuffled_Sites,Background
EGR1_25,0.0054428044280442804,Shuffled_Sites,Background
EGR1_25,0.0053576497303434575,Shuffled_Sites,Background
EGR1_25,0.005066704513198978,Shuffled_Sites,Background
EGR1_25,0.005407323304002271,Shuffled_Sites,Background
EGR1_25,0.005556344024978711,Shuffled_Sites,Background
EGR1_25,0.0051944365597502125,Shuffled_Sites,Background
EGR1_25,0.005563440249787113,Shuffled_Sites,Background
EGR1_25,0.005315072381493046,Shuffled_Sites,Background
EGR1_25,0.0053576497303434575,Shuffled_Sites,Background
EGR1_25,0.005400227079193869,Shuffled_Sites,Background
EGR1_25,0.0054995742265114955,Shuffled_Sites,Background
EGR1_25,0.005435708203235879,Shuffled_Sites,Background
EGR1_25,0.005407323304002271,Shuffled_Sites,Background
EGR1_25,0.005747942094805563,Shuffled_Sites,Background
EGR1_25,0.005527959125745103,Shuffled_Sites,Background
EGR1_25,0.005201532784558615,Shuffled_Sites,Background
EGR1_25,0.005322168606301448,Shuffled_Sites,Background
EGR1_25,0.0050028384899233605,Shuffled_Sites,Background
EGR1_25,0.005726653420380358,Shuffled_Sites,Background
EGR1_25,0.005471189327277888,Shuffled_Sites,Background
EGR1_25,0.005208629009367017,Shuffled_Sites,Background
EGR1_25,0.005307976156684643,Shuffled_Sites,Background
EGR1_25,0.005655691172296339,Shuffled_Sites,Background
EGR1_25,0.005797615668464377,Shuffled_Sites,Background
EGR1_25,0.005676979846721544,Shuffled_Sites,Background
EGR1_25,0.005790519443655975,Shuffled_Sites,Background
EGR1_25,0.005272495032642634,Shuffled_Sites,Background
EGR1_25,0.005052512063582175,Shuffled_Sites,Background
EGR1_25,0.005570536474595515,Shuffled_Sites,Background
EGR1_25,0.00525830258302583,Shuffled_Sites,Background
EGR1_25,0.005535055350553505,Shuffled_Sites,Background
EGR1_25,0.005542151575361908,Shuffled_Sites,Background
EGR1_25,0.005208629009367017,Shuffled_Sites,Background
EGR1_25,0.00547828555208629,Shuffled_Sites,Background
EGR1_25,0.005378938404768663,Shuffled_Sites,Background
EGR1_25,0.005598921373829123,Shuffled_Sites,Background
EGR1_25,0.005449900652852682,Shuffled_Sites,Background
EGR1_25,0.005740845869997162,Shuffled_Sites,Background
EGR1_30,0.005550083642105593,Shuffled_Sites,Background
EGR1_30,0.005346841142535528,Shuffled_Sites,Background
EGR1_30,0.005143598642965465,Shuffled_Sites,Background
EGR1_30,0.00520613479667933,Shuffled_Sites,Background
EGR1_30,0.0059096665259603205,Shuffled_Sites,Background
EGR1_30,0.0053781092193924615,Shuffled_Sites,Background
EGR1_30,0.005065428450823132,Shuffled_Sites,Background
EGR1_30,0.005550083642105593,Shuffled_Sites,Background
EGR1_30,0.00520613479667933,Shuffled_Sites,Background
EGR1_30,0.005268670950393196,Shuffled_Sites,Background
EGR1_30,0.005487547488391726,Shuffled_Sites,Background
EGR1_30,0.00547191344996326,Shuffled_Sites,Background
EGR1_30,0.005331207104107062,Shuffled_Sites,Background
EGR1_30,0.005503181526820193,Shuffled_Sites,Background
EGR1_30,0.005737692103247189,Shuffled_Sites,Background
EGR1_30,0.005393743257820928,Shuffled_Sites,Background
EGR1_30,0.004830917874396135,Shuffled_Sites,Background
EGR1_30,0.005221768835107797,Shuffled_Sites,Background
EGR1_30,0.005409377296249394,Shuffled_Sites,Background
EGR1_30,0.005190500758250864,Shuffled_Sites,Background
EGR1_30,0.005190500758250864,Shuffled_Sites,Background
EGR1_30,0.005190500758250864,Shuffled_Sites,Background
EGR1_30,0.00520613479667933,Shuffled_Sites,Background
EGR1_30,0.004924722104966934,Shuffled_Sites,Background
EGR1_30,0.005081062489251598,Shuffled_Sites,Background
EGR1_30,0.00520613479667933,Shuffled_Sites,Background
EGR1_30,0.004909088066538467,Shuffled_Sites,Background
EGR1_30,0.005190500758250864,Shuffled_Sites,Background
EGR1_30,0.005065428450823132,Shuffled_Sites,Background
EGR1_30,0.005284304988821663,Shuffled_Sites,Background
EGR1_30,0.004784015759110736,Shuffled_Sites,Background
EGR1_30,0.00520613479667933,Shuffled_Sites,Background
EGR1_30,0.005174866719822397,Shuffled_Sites,Background
EGR1_30,0.005659521911104857,Shuffled_Sites,Background
EGR1_30,0.004815283835967668,Shuffled_Sites,Background
EGR1_30,0.005612619795819458,Shuffled_Sites,Background
EGR1_30,0.005440645373106327,Shuffled_Sites,Background
EGR1_30,0.005284304988821663,Shuffled_Sites,Background
EGR1_30,0.005659521911104857,Shuffled_Sites,Background
EGR1_30,0.005643887872676391,Shuffled_Sites,Background
EGR1_30,0.005503181526820193,Shuffled_Sites,Background
EGR1_30,0.004830917874396135,Shuffled_Sites,Background
EGR1_30,0.005706424026390257,Shuffled_Sites,Background
EGR1_30,0.006050372871816519,Shuffled_Sites,Background
EGR1_30,0.005643887872676391,Shuffled_Sites,Background
EGR1_30,0.005722058064818724,Shuffled_Sites,Background
EGR1_30,0.005987836718102653,Shuffled_Sites,Background
EGR1_30,0.005331207104107062,Shuffled_Sites,Background
EGR1_30,0.005706424026390257,Shuffled_Sites,Background
EGR1_30,0.004815283835967668,Shuffled_Sites,Background
EGR1_30,0.005315573065678595,Shuffled_Sites,Background
EGR1_30,0.005581351718962525,Shuffled_Sites,Background
EGR1_30,0.005065428450823132,Shuffled_Sites,Background
EGR1_30,0.0054250113346778605,Shuffled_Sites,Background
EGR1_30,0.005299939027250129,Shuffled_Sites,Background
EGR1_30,0.00520613479667933,Shuffled_Sites,Background
EGR1_30,0.005440645373106327,Shuffled_Sites,Background
EGR1_30,0.005612619795819458,Shuffled_Sites,Background
EGR1_30,0.0048934540281100015,Shuffled_Sites,Background
EGR1_30,0.0053781092193924615,Shuffled_Sites,Background
EGR1_30,0.005268670950393196,Shuffled_Sites,Background
EGR1_30,0.005643887872676391,Shuffled_Sites,Background
EGR1_30,0.005034160373966199,Shuffled_Sites,Background
EGR1_30,0.005503181526820193,Shuffled_Sites,Background
EGR1_30,0.0048934540281100015,Shuffled_Sites,Background
EGR1_30,0.005800228256961056,Shuffled_Sites,Background
EGR1_30,0.005737692103247189,Shuffled_Sites,Background
EGR1_30,0.004924722104966934,Shuffled_Sites,Background
EGR1_30,0.005299939027250129,Shuffled_Sites,Background
EGR1_30,0.005049794412394666,Shuffled_Sites,Background
EGR1_30,0.005237402873536263,Shuffled_Sites,Background
EGR1_30,0.005331207104107062,Shuffled_Sites,Background
EGR1_30,0.005159232681393931,Shuffled_Sites,Background
EGR1_30,0.005268670950393196,Shuffled_Sites,Background
EGR1_30,0.005190500758250864,Shuffled_Sites,Background
EGR1_30,0.00547191344996326,Shuffled_Sites,Background
EGR1_30,0.005753326141675656,Shuffled_Sites,Background
EGR1_30,0.005550083642105593,Shuffled_Sites,Background
EGR1_30,0.005800228256961056,Shuffled_Sites,Background
EGR1_30,0.004737113643825336,Shuffled_Sites,Background
EGR1_30,0.006269249409815049,Shuffled_Sites,Background
EGR1_30,0.005393743257820928,Shuffled_Sites,Background
EGR1_30,0.005456279411534794,Shuffled_Sites,Background
EGR1_30,0.005503181526820193,Shuffled_Sites,Background
EGR1_30,0.005581351718962525,Shuffled_Sites,Background
EGR1_30,0.005706424026390257,Shuffled_Sites,Background
EGR1_30,0.005659521911104857,Shuffled_Sites,Background
EGR1_30,0.005315573065678595,Shuffled_Sites,Background
EGR1_30,0.005284304988821663,Shuffled_Sites,Background
EGR1_30,0.005440645373106327,Shuffled_Sites,Background
EGR1_30,0.005221768835107797,Shuffled_Sites,Background
EGR1_30,0.0054250113346778605,Shuffled_Sites,Background
EGR1_30,0.005065428450823132,Shuffled_Sites,Background
EGR1_30,0.005925300564388787,Shuffled_Sites,Background
EGR1_30,0.005174866719822397,Shuffled_Sites,Background
EGR1_30,0.005800228256961056,Shuffled_Sites,Background
EGR1_30,0.005706424026390257,Shuffled_Sites,Background
EGR1_30,0.005831496333817988,Shuffled_Sites,Background
EGR1_30,0.005268670950393196,Shuffled_Sites,Background
EGR1_30,0.005581351718962525,Shuffled_Sites,Background
EGR1_pwm,0.0055382310059938445,Shuffled_Sites,Background
EGR1_pwm,0.005393109779145742,Shuffled_Sites,Background
EGR1_pwm,0.005253050920676063,Shuffled_Sites,Background
EGR1_pwm,0.005426858901668556,Shuffled_Sites,Background
EGR1_pwm,0.005308736972838706,Shuffled_Sites,Background
EGR1_pwm,0.005276675306442032,Shuffled_Sites,Background
EGR1_pwm,0.005399859603650305,Shuffled_Sites,Background
EGR1_pwm,0.005377922674010475,Shuffled_Sites,Background
EGR1_pwm,0.005214239429774826,Shuffled_Sites,Background
EGR1_pwm,0.005295237323829581,Shuffled_Sites,Background
EGR1_pwm,0.0054049219720287275,Shuffled_Sites,Background
EGR1_pwm,0.005276675306442032,Shuffled_Sites,Background
EGR1_pwm,0.005472420217074356,Shuffled_Sites,Background
EGR1_pwm,0.005445420919056105,Shuffled_Sites,Background
EGR1_pwm,0.005416734164911712,Shuffled_Sites,Background
EGR1_pwm,0.005465670392569793,Shuffled_Sites,Background
EGR1_pwm,0.00510792969382796,Shuffled_Sites,Background
EGR1_pwm,0.005215926885900966,Shuffled_Sites,Background
EGR1_pwm,0.005195677412387278,Shuffled_Sites,Background
EGR1_pwm,0.005418421621037853,Shuffled_Sites,Background
EGR1_pwm,0.00522436416653167,Shuffled_Sites,Background
EGR1_pwm,0.005379610130136617,Shuffled_Sites,Background
EGR1_pwm,0.00526992548193747,Shuffled_Sites,Background
EGR1_pwm,0.005219301798153248,Shuffled_Sites,Background
EGR1_pwm,0.005303674604460284,Shuffled_Sites,Background
EGR1_pwm,0.0054403585506776824,Shuffled_Sites,Background
EGR1_pwm,0.005415046708785572,Shuffled_Sites,Background
EGR1_pwm,0.005369485393379772,Shuffled_Sites,Background
EGR1_pwm,0.005251363464549921,Shuffled_Sites,Background
EGR1_pwm,0.005298612236081862,Shuffled_Sites,Background
EGR1_pwm,0.005406609428154868,Shuffled_Sites,Background
EGR1_pwm,0.005280050218694314,Shuffled_Sites,Background
EGR1_pwm,0.0052783627625681735,Shuffled_Sites,Background
EGR1_pwm,0.00538804741076732,Shuffled_Sites,Background
EGR1_pwm,0.005227739078783952,Shuffled_Sites,Background
EGR1_pwm,0.005484232409957341,Shuffled_Sites,Background
EGR1_pwm,0.005450483287434527,Shuffled_Sites,Background
EGR1_pwm,0.005220989254279389,Shuffled_Sites,Background
EGR1_pwm,0.005357673200496787,Shuffled_Sites,Background
EGR1_pwm,0.005381297586262757,Shuffled_Sites,Background
EGR1_pwm,0.005536543549867703,Shuffled_Sites,Background
EGR1_pwm,0.005170365570495167,Shuffled_Sites,Background
EGR1_pwm,0.0054892947783357635,Shuffled_Sites,Background
EGR1_pwm,0.005391422323019601,Shuffled_Sites,Background
EGR1_pwm,0.005288487499325018,Shuffled_Sites,Background
EGR1_pwm,0.005442046006803823,Shuffled_Sites,Background
EGR1_pwm,0.0054049219720287275,Shuffled_Sites,Background
EGR1_pwm,0.005445420919056105,Shuffled_Sites,Background
EGR1_pwm,0.00526992548193747,Shuffled_Sites,Background
EGR1_pwm,0.00538635995464118,Shuffled_Sites,Background
EGR1_pwm,0.005479170041578919,Shuffled_Sites,Background
EGR1_pwm,0.0053593606566229276,Shuffled_Sites,Background
EGR1_pwm,0.005254738376802203,Shuffled_Sites,Background
EGR1_pwm,0.005391422323019601,Shuffled_Sites,Background
EGR1_pwm,0.0053104244289648465,Shuffled_Sites,Background
EGR1_pwm,0.005382985042388898,Shuffled_Sites,Background
EGR1_pwm,0.005448795831308386,Shuffled_Sites,Background
EGR1_pwm,0.0054403585506776824,Shuffled_Sites,Background
EGR1_pwm,0.005347548463739943,Shuffled_Sites,Background
EGR1_pwm,0.00557535504076894,Shuffled_Sites,Background
EGR1_pwm,0.005161928289864464,Shuffled_Sites,Background
EGR1_pwm,0.005420109077163994,Shuffled_Sites,Background
EGR1_pwm,0.005295237323829581,Shuffled_Sites,Background
EGR1_pwm,0.0053526108321183645,Shuffled_Sites,Background
EGR1_pwm,0.0053981721475241645,Shuffled_Sites,Background
EGR1_pwm,0.005298612236081862,Shuffled_Sites,Background
EGR1_pwm,0.005436983638425401,Shuffled_Sites,Background
EGR1_pwm,0.005305362060586425,Shuffled_Sites,Background
EGR1_pwm,0.005354298288244506,Shuffled_Sites,Background
EGR1_pwm,0.0052682380258113285,Shuffled_Sites,Background
EGR1_pwm,0.005494357146714185,Shuffled_Sites,Background
EGR1_pwm,0.005280050218694314,Shuffled_Sites,Background
EGR1_pwm,0.005332361358604676,Shuffled_Sites,Background
EGR1_pwm,0.0052783627625681735,Shuffled_Sites,Background
EGR1_pwm,0.005423483989416275,Shuffled_Sites,Background
EGR1_pwm,0.005369485393379772,Shuffled_Sites,Background
EGR1_pwm,0.005357673200496787,Shuffled_Sites,Background
EGR1_pwm,0.005479170041578919,Shuffled_Sites,Background
EGR1_pwm,0.0053205491657216915,Shuffled_Sites,Background
EGR1_pwm,0.005421796533290135,Shuffled_Sites,Background
EGR1_pwm,0.005425171445542416,Shuffled_Sites,Background
EGR1_pwm,0.005264863113559047,Shuffled_Sites,Background
EGR1_pwm,0.0051872401317565745,Shuffled_Sites,Background
EGR1_pwm,0.005409984340407149,Shuffled_Sites,Background
EGR1_pwm,0.005258113289054484,Shuffled_Sites,Background
EGR1_pwm,0.005555105567255252,Shuffled_Sites,Background
EGR1_pwm,0.005335736270856957,Shuffled_Sites,Background
EGR1_pwm,0.005499419515092608,Shuffled_Sites,Background
EGR1_pwm,0.005199052324639559,Shuffled_Sites,Background
EGR1_pwm,0.005155178465359901,Shuffled_Sites,Background
EGR1_pwm,0.0053559857443706465,Shuffled_Sites,Background
EGR1_pwm,0.005288487499325018,Shuffled_Sites,Background
EGR1_pwm,0.0056546654786975535,Shuffled_Sites,Background
EGR1_pwm,0.005450483287434527,Shuffled_Sites,Background
EGR1_pwm,0.005426858901668556,Shuffled_Sites,Background
EGR1_pwm,0.005396484691398024,Shuffled_Sites,Background
EGR1_pwm,0.005376235217884335,Shuffled_Sites,Background
EGR1_pwm,0.005384672498515038,Shuffled_Sites,Background
EGR1_pwm,0.005415046708785572,Shuffled_Sites,Background
EGR1_pwm,0.0054471083751822455,Shuffled_Sites,Background
CREB1_20,0.005938671665773969,Shuffled_Sites,Measured
CREB1_25,0.00586451299408522,Shuffled_Sites,Measured
CREB1_30,0.00564886807852571,Shuffled_Sites,Measured
CREB1_pwm,0.006045628438189383,Shuffled_Sites,Measured
EGR1_20,0.00587620870391914,Shuffled_Sites,Measured
EGR1_25,0.005776326994039171,Shuffled_Sites,Measured
EGR1_30,0.00569078998796179,Shuffled_Sites,Measured
EGR1_pwm,0.005848722933203736,Shuffled_Sites,Measured
